view,series,band,bin_days,start_jd,end_jd,mid_jd,year,magnitude,q1,q3,mad,n,uncertain
historical point,Herschel estimates (Lloyd 2020 reconstruction),historical visual,0,2391726.0,2391726.0,2391726.0,1836.22268,1.1,1.1,1.1,0.0,1,False
historical point,Herschel estimates (Lloyd 2020 reconstruction),historical visual,0,2391961.0,2391961.0,2391961.0,1836.86475,0.0,0.0,0.0,0.0,1,False
historical point,Herschel estimates (Lloyd 2020 reconstruction),historical visual,0,2391962.0,2391962.0,2391962.0,1836.86749,0.1,0.1,0.1,0.0,1,False
historical point,Herschel estimates (Lloyd 2020 reconstruction),historical visual,0,2391975.0,2391975.0,2391975.0,1836.90301,0.4,0.4,0.4,0.0,1,False
historical point,Herschel estimates (Lloyd 2020 reconstruction),historical visual,0,2392307.0,2392307.0,2392307.0,1837.81233,0.3,0.3,0.3,0.0,1,False
historical point,Herschel estimates (Lloyd 2020 reconstruction),historical visual,0,2392307.0,2392307.0,2392307.0,1837.81233,-0.1,-0.1,-0.1,0.0,1,False
historical point,Herschel estimates (Lloyd 2020 reconstruction),historical visual,0,2392347.0,2392347.0,2392347.0,1837.92192,0.8,0.8,0.8,0.0,1,True
historical point,Herschel estimates (Lloyd 2020 reconstruction),historical visual,0,2392360.0,2392360.0,2392360.0,1837.95753,0.7,0.7,0.7,0.0,1,False
historical point,Herschel estimates (Lloyd 2020 reconstruction),historical visual,0,2392373.0,2392373.0,2392373.0,1837.99315,0.6,0.6,0.6,0.0,1,False
historical point,Herschel estimates (Lloyd 2020 reconstruction),historical visual,0,2392377.0,2392377.0,2392377.0,1838.00411,0.8,0.8,0.8,0.0,1,False
historical point,Herschel estimates (Lloyd 2020 reconstruction),historical visual,0,2392381.0,2392381.0,2392381.0,1838.01507,0.7,0.7,0.7,0.0,1,False
historical point,Herschel estimates (Lloyd 2020 reconstruction),historical visual,0,2392388.0,2392388.0,2392388.0,1838.03425,0.8,0.8,0.8,0.0,1,False
historical point,Herschel estimates (Lloyd 2020 reconstruction),historical visual,0,2392431.0,2392431.0,2392431.0,1838.15205,0.6,0.6,0.6,0.0,1,False
historical point,Herschel estimates (Lloyd 2020 reconstruction),historical visual,0,2392479.0,2392479.0,2392479.0,1838.28356,0.5,0.5,0.5,0.0,1,False
historical point,Herschel estimates (Lloyd 2020 reconstruction),historical visual,0,2392756.0,2392756.0,2392756.0,1839.04247,1.1,1.1,1.1,0.0,1,True
historical point,Herschel estimates (Lloyd 2020 reconstruction),historical visual,0,2392757.0,2392757.0,2392757.0,1839.04521,1.0,1.0,1.0,0.0,1,False
historical point,Herschel estimates (Lloyd 2020 reconstruction),historical visual,0,2392762.0,2392762.0,2392762.0,1839.0589,1.0,1.0,1.0,0.0,1,False
historical point,Herschel estimates (Lloyd 2020 reconstruction),historical visual,0,2393070.0,2393070.0,2393070.0,1839.90274,0.1,0.1,0.1,0.0,1,False
historical point,Herschel estimates (Lloyd 2020 reconstruction),historical visual,0,2393074.0,2393074.0,2393074.0,1839.9137,0.4,0.4,0.4,0.0,1,False
historical point,Herschel estimates (Lloyd 2020 reconstruction),historical visual,0,2393085.0,2393085.0,2393085.0,1839.94384,0.6,0.6,0.6,0.0,1,False
historical point,Herschel estimates (Lloyd 2020 reconstruction),historical visual,0,2393103.0,2393103.0,2393103.0,1839.99315,0.7,0.7,0.7,0.0,1,False
historical point,Herschel estimates (Lloyd 2020 reconstruction),historical visual,0,2393107.0,2393107.0,2393107.0,1840.0041,0.6,0.6,0.6,0.0,1,False
historical point,Herschel estimates (Lloyd 2020 reconstruction),historical visual,0,2393110.0,2393110.0,2393110.0,1840.0123,0.6,0.6,0.6,0.0,1,False
historical point,Herschel estimates (Lloyd 2020 reconstruction),historical visual,0,2393111.0,2393111.0,2393111.0,1840.01503,0.7,0.7,0.7,0.0,1,False
historical point,Herschel estimates (Lloyd 2020 reconstruction),historical visual,0,2393112.0,2393112.0,2393112.0,1840.01776,0.7,0.7,0.7,0.0,1,False
historical point,Herschel estimates (Lloyd 2020 reconstruction),historical visual,0,2393161.0,2393161.0,2393161.0,1840.15164,0.7,0.7,0.7,0.0,1,False
historical point,Herschel estimates (Lloyd 2020 reconstruction),historical visual,0,2393214.0,2393214.0,2393214.0,1840.29645,0.6,0.6,0.6,0.0,1,False
1836-2026 overview,AAVSO visual estimates,Vis.,90,2412720.0,2412810.0,2412765.0,1893.82329,0.6,0.6,0.6,0.0,1,
1836-2026 overview,AAVSO visual estimates,Vis.,90,2412810.0,2412900.0,2412855.0,1894.06986,0.8,0.6,0.8,0.0,9,
1836-2026 overview,AAVSO visual estimates,Vis.,90,2412900.0,2412990.0,2412945.0,1894.31644,0.5,0.5,0.5,0.0,2,
1836-2026 overview,AAVSO visual estimates,Vis.,90,2413170.0,2413260.0,2413215.0,1895.05616,0.7,0.6,0.825,0.1,8,
1836-2026 overview,AAVSO visual estimates,Vis.,90,2413260.0,2413350.0,2413305.0,1895.30274,1.0,0.85,1.0,0.0,3,
1836-2026 overview,AAVSO visual estimates,Vis.,90,2413530.0,2413620.0,2413575.0,1896.04235,0.5,0.5,0.5,0.0,5,
1836-2026 overview,AAVSO visual estimates,Vis.,90,2414610.0,2414700.0,2414655.0,1898.99863,1.0,0.9,1.0,0.0,3,
1836-2026 overview,AAVSO visual estimates,Vis.,90,2414700.0,2414790.0,2414745.0,1899.24521,0.8,0.8,0.8,0.0,13,
1836-2026 overview,AAVSO visual estimates,Vis.,90,2414970.0,2415060.0,2415015.0,1899.98493,0.9,0.9,0.9,0.0,9,
1836-2026 overview,AAVSO visual estimates,Vis.,90,2415060.0,2415150.0,2415105.0,1900.23151,0.8,0.8,0.9,0.05,16,
1836-2026 overview,AAVSO visual estimates,Vis.,90,2415240.0,2415330.0,2415285.0,1900.72466,0.75,0.725,0.775,0.05,2,
1836-2026 overview,AAVSO visual estimates,Vis.,90,2415330.0,2415420.0,2415375.0,1900.97123,0.5,0.4,0.5,0.1,14,
1836-2026 overview,AAVSO visual estimates,Vis.,90,2415420.0,2415510.0,2415465.0,1901.21781,0.6,0.6,0.7,0.1,21,
1836-2026 overview,AAVSO visual estimates,Vis.,90,2415690.0,2415780.0,2415735.0,1901.95753,0.6,0.4,0.7,0.1,33,
1836-2026 overview,AAVSO visual estimates,Vis.,90,2415780.0,2415870.0,2415825.0,1902.20411,0.7,0.5,0.7,0.1,36,
1836-2026 overview,AAVSO visual estimates,Vis.,90,2415960.0,2416050.0,2416005.0,1902.69726,0.0,-0.225,0.25,0.25,4,
1836-2026 overview,AAVSO visual estimates,Vis.,90,2416050.0,2416140.0,2416095.0,1902.94384,0.3,0.3,0.5,0.1,110,
1836-2026 overview,AAVSO visual estimates,Vis.,90,2416140.0,2416230.0,2416185.0,1903.19041,0.3,0.2,0.4,0.1,53,
1836-2026 overview,AAVSO visual estimates,Vis.,90,2416320.0,2416410.0,2416365.0,1903.68356,0.9,0.8,0.95,0.1,3,
1836-2026 overview,AAVSO visual estimates,Vis.,90,2416410.0,2416500.0,2416455.0,1903.93014,0.4,0.4,0.6,0.0,44,
1836-2026 overview,AAVSO visual estimates,Vis.,90,2416500.0,2416590.0,2416545.0,1904.17623,0.4,0.4,0.7,0.0,71,
1836-2026 overview,AAVSO visual estimates,Vis.,90,2416680.0,2416770.0,2416725.0,1904.66803,1.0,1.0,1.0,0.0,1,
1836-2026 overview,AAVSO visual estimates,Vis.,90,2416770.0,2416860.0,2416815.0,1904.91393,0.9,0.8,1.0,0.1,20,
1836-2026 overview,AAVSO visual estimates,Vis.,90,2416860.0,2416950.0,2416905.0,1905.16027,0.8,0.7,0.9,0.1,62,
1836-2026 overview,AAVSO visual estimates,Vis.,90,2416950.0,2417040.0,2416995.0,1905.40685,0.9,0.9,0.9,0.0,2,
1836-2026 overview,AAVSO visual estimates,Vis.,90,2417040.0,2417130.0,2417085.0,1905.65342,0.4,0.4,0.4,0.0,1,
1836-2026 overview,AAVSO visual estimates,Vis.,90,2417130.0,2417220.0,2417175.0,1905.9,0.6,0.5,0.8,0.1,35,
1836-2026 overview,AAVSO visual estimates,Vis.,90,2417220.0,2417310.0,2417265.0,1906.14658,0.6,0.4,0.8,0.2,69,
1836-2026 overview,AAVSO visual estimates,Vis.,90,2417310.0,2417400.0,2417355.0,1906.39315,0.7,0.6,0.8,0.1,9,
1836-2026 overview,AAVSO visual estimates,Vis.,90,2417400.0,2417490.0,2417445.0,1906.63973,0.4,0.4,0.5,0.0,20,
1836-2026 overview,AAVSO visual estimates,Vis.,90,2417490.0,2417580.0,2417535.0,1906.8863,0.5,0.4,0.6,0.1,31,
1836-2026 overview,AAVSO visual estimates,Vis.,90,2419740.0,2419830.0,2419785.0,1913.04521,1.1,1.1,1.1,0.0,1,
1836-2026 overview,AAVSO visual estimates,Vis.,90,2421540.0,2421630.0,2421585.0,1917.97397,0.9,0.8,0.9,0.1,11,
1836-2026 overview,AAVSO visual estimates,Vis.,90,2421630.0,2421720.0,2421675.0,1918.22055,0.9,0.9,0.975,0.0,22,
1836-2026 overview,AAVSO visual estimates,Vis.,90,2422530.0,2422620.0,2422575.0,1920.68443,0.3,0.275,0.325,0.05,4,
1836-2026 overview,AAVSO visual estimates,Vis.,90,2422620.0,2422710.0,2422665.0,1920.93033,0.25,0.2,0.3,0.05,18,
1836-2026 overview,AAVSO visual estimates,Vis.,90,2422710.0,2422800.0,2422755.0,1921.17671,0.4,0.3,0.4,0.1,9,
1836-2026 overview,AAVSO visual estimates,Vis.,90,2422890.0,2422980.0,2422935.0,1921.66986,0.9,0.9,1.0,0.1,13,
1836-2026 overview,AAVSO visual estimates,Vis.,90,2422980.0,2423070.0,2423025.0,1921.91644,0.5,0.4,0.8,0.2,19,
1836-2026 overview,AAVSO visual estimates,Vis.,90,2423070.0,2423160.0,2423115.0,1922.16301,0.8,0.75,0.9,0.1,19,
1836-2026 overview,AAVSO visual estimates,Vis.,90,2423250.0,2423340.0,2423295.0,1922.65616,0.8,0.8,0.8,0.0,3,
1836-2026 overview,AAVSO visual estimates,Vis.,90,2423340.0,2423430.0,2423385.0,1922.90274,0.7,0.675,0.7,0.0,8,
1836-2026 overview,AAVSO visual estimates,Vis.,90,2423430.0,2423520.0,2423475.0,1923.14932,0.8,0.7,0.9,0.1,36,
1836-2026 overview,AAVSO visual estimates,Vis.,90,2423520.0,2423610.0,2423565.0,1923.39589,0.75,0.725,0.775,0.05,2,
1836-2026 overview,AAVSO visual estimates,Vis.,90,2423610.0,2423700.0,2423655.0,1923.64247,0.4,0.375,0.475,0.05,4,
1836-2026 overview,AAVSO visual estimates,Vis.,90,2423700.0,2423790.0,2423745.0,1923.88904,0.2,0.175,0.3,0.1,20,
1836-2026 overview,AAVSO visual estimates,Vis.,90,2423790.0,2423880.0,2423835.0,1924.13525,0.4,0.3,0.625,0.1,8,
1836-2026 overview,AAVSO visual estimates,Vis.,90,2423880.0,2423970.0,2423925.0,1924.38115,0.3,0.3,0.3,0.0,1,
1836-2026 overview,AAVSO visual estimates,Vis.,90,2423970.0,2424060.0,2424015.0,1924.62705,0.4,0.4,0.4,0.0,1,
1836-2026 overview,AAVSO visual estimates,Vis.,90,2424060.0,2424150.0,2424105.0,1924.87295,0.4,0.3,0.5,0.1,13,
1836-2026 overview,AAVSO visual estimates,Vis.,90,2424150.0,2424240.0,2424195.0,1925.11918,0.5,0.4,0.5,0.0,24,
1836-2026 overview,AAVSO visual estimates,Vis.,90,2424420.0,2424510.0,2424465.0,1925.8589,0.6,0.5,0.6,0.1,15,
1836-2026 overview,AAVSO visual estimates,Vis.,90,2424510.0,2424600.0,2424555.0,1926.10548,0.6,0.5,0.6,0.05,10,
1836-2026 overview,AAVSO visual estimates,Vis.,90,2424780.0,2424870.0,2424825.0,1926.84521,0.5,0.4,0.6,0.1,9,
1836-2026 overview,AAVSO visual estimates,Vis.,90,2424870.0,2424960.0,2424915.0,1927.09178,0.9,0.9,1.125,0.05,6,
1836-2026 overview,AAVSO visual estimates,Vis.,90,2424960.0,2425050.0,2425005.0,1927.33836,1.0,0.9,1.1,0.2,2,
1836-2026 overview,AAVSO visual estimates,Vis.,90,2425140.0,2425230.0,2425185.0,1927.83151,0.7,0.675,0.7,0.0,16,
1836-2026 overview,AAVSO visual estimates,Vis.,90,2425230.0,2425320.0,2425275.0,1928.07787,0.8,0.7,1.0,0.1,38,
1836-2026 overview,AAVSO visual estimates,Vis.,90,2425320.0,2425410.0,2425365.0,1928.32377,0.7,0.7,0.8,0.1,5,
1836-2026 overview,AAVSO visual estimates,Vis.,90,2425500.0,2425590.0,2425545.0,1928.81557,0.6,0.4,0.8,0.2,31,
1836-2026 overview,AAVSO visual estimates,Vis.,90,2425590.0,2425680.0,2425635.0,1929.06164,0.6,0.5,0.7,0.1,13,
1836-2026 overview,AAVSO visual estimates,Vis.,90,2425680.0,2425770.0,2425725.0,1929.30822,0.6,0.6,0.775,0.05,10,
1836-2026 overview,AAVSO visual estimates,Vis.,90,2425770.0,2425860.0,2425815.0,1929.55479,0.5,0.5,0.5,0.0,1,
1836-2026 overview,AAVSO visual estimates,Vis.,90,2425860.0,2425950.0,2425905.0,1929.80137,0.7,0.6,0.8,0.1,13,
1836-2026 overview,AAVSO visual estimates,Vis.,90,2425950.0,2426040.0,2425995.0,1930.04795,0.5,0.4,0.5,0.1,13,
1836-2026 overview,AAVSO visual estimates,Vis.,90,2426040.0,2426130.0,2426085.0,1930.29452,0.25,0.2,0.3,0.05,4,
1836-2026 overview,AAVSO visual estimates,Vis.,90,2426130.0,2426220.0,2426175.0,1930.5411,0.3,0.3,0.3,0.0,1,
1836-2026 overview,AAVSO visual estimates,Vis.,90,2426220.0,2426310.0,2426265.0,1930.78767,0.4,0.3,0.525,0.1,28,
1836-2026 overview,AAVSO visual estimates,Vis.,90,2426310.0,2426400.0,2426355.0,1931.03425,0.4,0.275,0.5,0.1,32,
1836-2026 overview,AAVSO visual estimates,Vis.,90,2426400.0,2426490.0,2426445.0,1931.28082,0.5,0.2,0.6,0.2,20,
1836-2026 overview,AAVSO visual estimates,Vis.,90,2426490.0,2426580.0,2426535.0,1931.5274,0.5,0.3,0.7,0.4,2,
1836-2026 overview,AAVSO visual estimates,Vis.,90,2426580.0,2426670.0,2426625.0,1931.77397,0.6,0.5,0.9,0.2,41,
1836-2026 overview,AAVSO visual estimates,Vis.,90,2426670.0,2426760.0,2426715.0,1932.02049,0.5,0.3,0.6,0.1,37,
1836-2026 overview,AAVSO visual estimates,Vis.,90,2426760.0,2426850.0,2426805.0,1932.26639,0.55,0.425,0.8,0.25,22,
1836-2026 overview,AAVSO visual estimates,Vis.,90,2426850.0,2426940.0,2426895.0,1932.5123,0.9,0.9,0.95,0.0,4,
1836-2026 overview,AAVSO visual estimates,Vis.,90,2426940.0,2427030.0,2426985.0,1932.7582,0.6,0.45,0.7,0.2,7,
1836-2026 overview,AAVSO visual estimates,Vis.,90,2427030.0,2427120.0,2427075.0,1933.00411,1.0,0.7,1.1,0.2,17,
1836-2026 overview,AAVSO visual estimates,Vis.,90,2427120.0,2427210.0,2427165.0,1933.25068,0.3,0.2,0.4,0.1,18,
1836-2026 overview,AAVSO visual estimates,Vis.,90,2427300.0,2427390.0,2427345.0,1933.74384,0.6,0.575,0.7,0.05,4,
1836-2026 overview,AAVSO visual estimates,Vis.,90,2427390.0,2427480.0,2427435.0,1933.99041,0.55,0.3,0.65,0.25,8,
1836-2026 overview,AAVSO visual estimates,Vis.,90,2427480.0,2427570.0,2427525.0,1934.23699,0.35,0.225,0.675,0.15,10,
1836-2026 overview,AAVSO visual estimates,Vis.,90,2427570.0,2427660.0,2427615.0,1934.48356,0.1,0.1,0.1,0.0,1,
1836-2026 overview,AAVSO visual estimates,Vis.,90,2427660.0,2427750.0,2427705.0,1934.73014,0.9,0.9,0.9,0.0,5,
1836-2026 overview,AAVSO visual estimates,Vis.,90,2427750.0,2427840.0,2427795.0,1934.97671,0.9,0.8,1.1,0.2,19,
1836-2026 overview,AAVSO visual estimates,Vis.,90,2427840.0,2427930.0,2427885.0,1935.22329,0.7,0.6,0.8,0.1,57,
1836-2026 overview,AAVSO visual estimates,Vis.,90,2427930.0,2428020.0,2427975.0,1935.46986,1.1,1.1,1.1,0.0,1,
1836-2026 overview,AAVSO visual estimates,Vis.,90,2428020.0,2428110.0,2428065.0,1935.71644,1.05,1.0,1.1,0.05,4,
1836-2026 overview,AAVSO visual estimates,Vis.,90,2428110.0,2428200.0,2428155.0,1935.96301,0.8,0.725,0.9,0.1,26,
1836-2026 overview,AAVSO visual estimates,Vis.,90,2428200.0,2428290.0,2428245.0,1936.20902,1.0,0.85,1.0,0.1,51,
1836-2026 overview,AAVSO visual estimates,Vis.,90,2428290.0,2428380.0,2428335.0,1936.45492,0.3,0.25,0.35,0.1,3,
1836-2026 overview,AAVSO visual estimates,Vis.,90,2428380.0,2428470.0,2428425.0,1936.70082,0.8,0.8,0.8,0.0,9,
1836-2026 overview,AAVSO visual estimates,Vis.,90,2428470.0,2428560.0,2428515.0,1936.94672,0.9,0.8,1.0,0.1,37,
1836-2026 overview,AAVSO visual estimates,Vis.,90,2428560.0,2428650.0,2428605.0,1937.19315,0.6,0.6,0.9,0.1,40,
1836-2026 overview,AAVSO visual estimates,Vis.,90,2428740.0,2428830.0,2428785.0,1937.6863,0.8,0.7,0.9,0.1,5,
1836-2026 overview,AAVSO visual estimates,Vis.,90,2428830.0,2428920.0,2428875.0,1937.93288,0.9,0.9,1.05,0.1,35,
1836-2026 overview,AAVSO visual estimates,Vis.,90,2428920.0,2429010.0,2428965.0,1938.17945,0.7,0.6,0.8,0.1,35,
1836-2026 overview,AAVSO visual estimates,Vis.,90,2429100.0,2429190.0,2429145.0,1938.6726,0.8,0.8,0.8,0.0,8,
1836-2026 overview,AAVSO visual estimates,Vis.,90,2429190.0,2429280.0,2429235.0,1938.91918,1.0,0.95,1.1,0.1,23,
1836-2026 overview,AAVSO visual estimates,Vis.,90,2429280.0,2429370.0,2429325.0,1939.16575,1.0,1.0,1.1,0.0,17,
1836-2026 overview,AAVSO visual estimates,Vis.,90,2429460.0,2429550.0,2429505.0,1939.6589,0.9,0.8,0.9,0.0,8,
1836-2026 overview,AAVSO visual estimates,Vis.,90,2429550.0,2429640.0,2429595.0,1939.90548,0.8,0.8,0.8,0.0,9,
1836-2026 overview,AAVSO visual estimates,Vis.,90,2429640.0,2429730.0,2429685.0,1940.15164,1.0,0.9,1.0,0.05,8,
1836-2026 overview,AAVSO visual estimates,Vis.,90,2429820.0,2429910.0,2429865.0,1940.64344,0.8,0.8,0.8,0.0,3,
1836-2026 overview,AAVSO visual estimates,Vis.,90,2429910.0,2430000.0,2429955.0,1940.88934,0.9,0.85,0.95,0.1,2,
1836-2026 overview,AAVSO visual estimates,Vis.,90,2430000.0,2430090.0,2430045.0,1941.13562,1.4,1.3,1.5,0.1,22,
1836-2026 overview,AAVSO visual estimates,Vis.,90,2430270.0,2430360.0,2430315.0,1941.87534,0.6,0.55,0.8,0.1,3,
1836-2026 overview,AAVSO visual estimates,Vis.,90,2430360.0,2430450.0,2430405.0,1942.12192,0.2,0.2,0.35,0.05,20,
1836-2026 overview,AAVSO visual estimates,Vis.,90,2430450.0,2430540.0,2430495.0,1942.36849,0.9,0.65,0.95,0.1,3,
1836-2026 overview,AAVSO visual estimates,Vis.,90,2430630.0,2430720.0,2430675.0,1942.86164,0.1,0.025,0.275,0.1,10,
1836-2026 overview,AAVSO visual estimates,Vis.,90,2430720.0,2430810.0,2430765.0,1943.10822,0.4,0.1,0.5,0.3,21,
1836-2026 overview,AAVSO visual estimates,Vis.,90,2430810.0,2430900.0,2430855.0,1943.35479,0.4,0.4,0.7,0.0,7,
1836-2026 overview,AAVSO visual estimates,Vis.,90,2430990.0,2431080.0,2431035.0,1943.84795,0.3,0.2,0.5,0.1,29,
1836-2026 overview,AAVSO visual estimates,Vis.,90,2431080.0,2431170.0,2431125.0,1944.09426,0.8,0.7,0.9,0.1,42,
1836-2026 overview,AAVSO visual estimates,Vis.,90,2431170.0,2431260.0,2431215.0,1944.34016,0.9,0.9,0.9,0.0,17,
1836-2026 overview,AAVSO visual estimates,Vis.,90,2431260.0,2431350.0,2431305.0,1944.58607,1.2,1.2,1.2,0.0,1,
1836-2026 overview,AAVSO visual estimates,Vis.,90,2431350.0,2431440.0,2431395.0,1944.83197,1.0,0.8,1.1,0.1,49,
1836-2026 overview,AAVSO visual estimates,Vis.,90,2431440.0,2431530.0,2431485.0,1945.07808,1.1,1.1,1.4,0.1,130,
1836-2026 overview,AAVSO visual estimates,Vis.,90,2431530.0,2431620.0,2431575.0,1945.32466,1.0,0.8,1.2,0.2,78,
1836-2026 overview,AAVSO visual estimates,Vis.,90,2431620.0,2431710.0,2431665.0,1945.57123,1.0,0.9,1.1,0.1,5,
1836-2026 overview,AAVSO visual estimates,Vis.,90,2431710.0,2431800.0,2431755.0,1945.81781,0.7,0.4,0.8,0.2,93,
1836-2026 overview,AAVSO visual estimates,Vis.,90,2431800.0,2431890.0,2431845.0,1946.06438,0.9,0.8,1.0,0.1,121,
1836-2026 overview,AAVSO visual estimates,Vis.,90,2431890.0,2431980.0,2431935.0,1946.31096,1.0,0.9,1.0,0.1,56,
1836-2026 overview,AAVSO visual estimates,Vis.,90,2431980.0,2432070.0,2432025.0,1946.55753,0.85,0.8,1.35,0.1,6,
1836-2026 overview,AAVSO visual estimates,Vis.,90,2432070.0,2432160.0,2432115.0,1946.80411,0.6,0.5,0.7,0.1,57,
1836-2026 overview,AAVSO visual estimates,Vis.,90,2432160.0,2432250.0,2432205.0,1947.05068,0.7,0.5,0.8,0.1,175,
1836-2026 overview,AAVSO visual estimates,Vis.,90,2432250.0,2432340.0,2432295.0,1947.29726,0.9,0.8,0.9,0.1,151,
1836-2026 overview,AAVSO visual estimates,Vis.,90,2432340.0,2432430.0,2432385.0,1947.54384,0.8,0.8,1.3,0.0,5,
1836-2026 overview,AAVSO visual estimates,Vis.,90,2432430.0,2432520.0,2432475.0,1947.79041,0.7,0.4,1.3,0.4,57,
1836-2026 overview,AAVSO visual estimates,Vis.,90,2432520.0,2432610.0,2432565.0,1948.03689,0.3,0.2,0.3,0.1,219,
1836-2026 overview,AAVSO visual estimates,Vis.,90,2432610.0,2432700.0,2432655.0,1948.28279,0.5,0.4,0.725,0.2,72,
1836-2026 overview,AAVSO visual estimates,Vis.,90,2432790.0,2432880.0,2432835.0,1948.77459,0.7,0.6,0.8,0.1,23,
1836-2026 overview,AAVSO visual estimates,Vis.,90,2432880.0,2432970.0,2432925.0,1949.02055,0.5,0.4,0.7,0.2,100,
1836-2026 overview,AAVSO visual estimates,Vis.,90,2432970.0,2433060.0,2433015.0,1949.26712,0.5,0.3,0.7,0.2,96,
1836-2026 overview,AAVSO visual estimates,Vis.,90,2433060.0,2433150.0,2433105.0,1949.5137,0.5,0.5,0.5,0.0,2,
1836-2026 overview,AAVSO visual estimates,Vis.,90,2433150.0,2433240.0,2433195.0,1949.76027,0.6,0.5,0.7,0.1,39,
1836-2026 overview,AAVSO visual estimates,Vis.,90,2433240.0,2433330.0,2433285.0,1950.00685,0.4,0.3,0.6,0.1,71,
1836-2026 overview,AAVSO visual estimates,Vis.,90,2433330.0,2433420.0,2433375.0,1950.25342,0.4,0.3,0.7,0.2,75,
1836-2026 overview,AAVSO visual estimates,Vis.,90,2433420.0,2433510.0,2433465.0,1950.5,0.6,0.6,0.6,0.0,2,
1836-2026 overview,AAVSO visual estimates,Vis.,90,2433510.0,2433600.0,2433555.0,1950.74658,0.8,0.575,0.9,0.15,16,
1836-2026 overview,AAVSO visual estimates,Vis.,90,2433600.0,2433690.0,2433645.0,1950.99315,0.6,0.4,0.7,0.2,40,
1836-2026 overview,AAVSO visual estimates,Vis.,90,2433690.0,2433780.0,2433735.0,1951.23973,0.3,0.275,0.6,0.1,44,
1836-2026 overview,AAVSO visual estimates,Vis.,90,2433780.0,2433870.0,2433825.0,1951.4863,1.2,1.15,1.25,0.1,7,
1836-2026 overview,AAVSO visual estimates,Vis.,90,2433870.0,2433960.0,2433915.0,1951.73288,0.9,0.7,1.1,0.2,24,
1836-2026 overview,AAVSO visual estimates,Vis.,90,2433960.0,2434050.0,2434005.0,1951.97945,1.1,1.0,1.2,0.1,89,
1836-2026 overview,AAVSO visual estimates,Vis.,90,2434050.0,2434140.0,2434095.0,1952.22541,1.0,0.9,1.1,0.1,70,
1836-2026 overview,AAVSO visual estimates,Vis.,90,2434140.0,2434230.0,2434185.0,1952.47131,1.05,1.025,1.075,0.05,2,
1836-2026 overview,AAVSO visual estimates,Vis.,90,2434230.0,2434320.0,2434275.0,1952.71721,0.9,0.8,1.0,0.1,25,
1836-2026 overview,AAVSO visual estimates,Vis.,90,2434320.0,2434410.0,2434365.0,1952.96311,1.0,0.9,1.175,0.1,78,
1836-2026 overview,AAVSO visual estimates,Vis.,90,2434410.0,2434500.0,2434455.0,1953.20959,1.1,0.9,1.2,0.2,81,
1836-2026 overview,AAVSO visual estimates,Vis.,90,2434500.0,2434590.0,2434545.0,1953.45616,1.0,1.0,1.0,0.0,1,
1836-2026 overview,AAVSO visual estimates,Vis.,90,2434590.0,2434680.0,2434635.0,1953.70274,0.9,0.9,1.1,0.1,15,
1836-2026 overview,AAVSO visual estimates,Vis.,90,2434680.0,2434770.0,2434725.0,1953.94932,0.8,0.7,0.9,0.1,97,
1836-2026 overview,AAVSO visual estimates,Vis.,90,2434770.0,2434860.0,2434815.0,1954.19589,0.8,0.7,0.825,0.1,136,
1836-2026 overview,AAVSO visual estimates,Vis.,90,2434860.0,2434950.0,2434905.0,1954.44247,0.8,0.3,0.8,0.05,8,
1836-2026 overview,AAVSO visual estimates,Vis.,90,2434950.0,2435040.0,2434995.0,1954.68904,0.6,0.6,0.7,0.1,38,
1836-2026 overview,AAVSO visual estimates,Vis.,90,2435040.0,2435130.0,2435085.0,1954.93562,0.7,0.7,0.8,0.1,124,
1836-2026 overview,AAVSO visual estimates,Vis.,90,2435130.0,2435220.0,2435175.0,1955.18219,0.8,0.7,0.8,0.1,162,
1836-2026 overview,AAVSO visual estimates,Vis.,90,2435220.0,2435310.0,2435265.0,1955.42877,0.6,0.6,0.8,0.1,19,
1836-2026 overview,AAVSO visual estimates,Vis.,90,2435310.0,2435400.0,2435355.0,1955.67534,0.8,0.7,0.8,0.0,25,
1836-2026 overview,AAVSO visual estimates,Vis.,90,2435400.0,2435490.0,2435445.0,1955.92192,0.8,0.7,0.8,0.1,85,
1836-2026 overview,AAVSO visual estimates,Vis.,90,2435490.0,2435580.0,2435535.0,1956.16803,0.8,0.8,0.9,0.1,98,
1836-2026 overview,AAVSO visual estimates,Vis.,90,2435580.0,2435670.0,2435625.0,1956.41393,0.8,0.8,0.9,0.1,7,
1836-2026 overview,AAVSO visual estimates,Vis.,90,2435670.0,2435760.0,2435715.0,1956.65984,0.9,0.8,0.95,0.1,11,
1836-2026 overview,AAVSO visual estimates,Vis.,90,2435760.0,2435850.0,2435805.0,1956.90574,0.9,0.9,1.0,0.1,53,
1836-2026 overview,AAVSO visual estimates,Vis.,90,2435850.0,2435940.0,2435895.0,1957.15205,0.9,0.9,1.0,0.1,72,
1836-2026 overview,AAVSO visual estimates,Vis.,90,2435940.0,2436030.0,2435985.0,1957.39863,0.9,0.8,0.9,0.1,9,
1836-2026 overview,AAVSO visual estimates,Vis.,90,2436030.0,2436120.0,2436075.0,1957.64521,0.9,0.8,1.1,0.1,21,
1836-2026 overview,AAVSO visual estimates,Vis.,90,2436120.0,2436210.0,2436165.0,1957.89178,0.8,0.8,0.9,0.1,75,
1836-2026 overview,AAVSO visual estimates,Vis.,90,2436210.0,2436300.0,2436255.0,1958.13836,0.9,0.8,1.0,0.1,68,
1836-2026 overview,AAVSO visual estimates,Vis.,90,2436300.0,2436390.0,2436345.0,1958.38493,0.7,0.7,0.85,0.1,15,
1836-2026 overview,AAVSO visual estimates,Vis.,90,2436390.0,2436480.0,2436435.0,1958.63151,1.25,1.225,1.275,0.05,2,
1836-2026 overview,AAVSO visual estimates,Vis.,90,2436480.0,2436570.0,2436525.0,1958.87808,0.9,0.9,1.0,0.1,29,
1836-2026 overview,AAVSO visual estimates,Vis.,90,2436570.0,2436660.0,2436615.0,1959.12466,0.9,0.8,0.9,0.1,49,
1836-2026 overview,AAVSO visual estimates,Vis.,90,2436660.0,2436750.0,2436705.0,1959.37123,0.8,0.65,0.85,0.1,11,
1836-2026 overview,AAVSO visual estimates,Vis.,90,2436750.0,2436840.0,2436795.0,1959.61781,0.9,0.75,0.95,0.1,11,
1836-2026 overview,AAVSO visual estimates,Vis.,90,2436840.0,2436930.0,2436885.0,1959.86438,0.8,0.7,0.9,0.1,40,
1836-2026 overview,AAVSO visual estimates,Vis.,90,2436930.0,2437020.0,2436975.0,1960.11066,0.8,0.6,0.9,0.1,64,
1836-2026 overview,AAVSO visual estimates,Vis.,90,2437020.0,2437110.0,2437065.0,1960.35656,0.7,0.6,0.8,0.1,17,
1836-2026 overview,AAVSO visual estimates,Vis.,90,2437110.0,2437200.0,2437155.0,1960.60246,0.85,0.825,0.875,0.05,2,
1836-2026 overview,AAVSO visual estimates,Vis.,90,2437200.0,2437290.0,2437245.0,1960.84836,0.9,0.7,1.075,0.2,38,
1836-2026 overview,AAVSO visual estimates,Vis.,90,2437290.0,2437380.0,2437335.0,1961.09452,0.9,0.8,1.0,0.1,44,
1836-2026 overview,AAVSO visual estimates,Vis.,90,2437380.0,2437470.0,2437425.0,1961.3411,0.8,0.75,0.9,0.1,7,
1836-2026 overview,AAVSO visual estimates,Vis.,90,2437470.0,2437560.0,2437515.0,1961.58767,0.9,0.875,0.925,0.05,8,
1836-2026 overview,AAVSO visual estimates,Vis.,90,2437560.0,2437650.0,2437605.0,1961.83425,1.0,0.9,1.0,0.1,110,
1836-2026 overview,AAVSO visual estimates,Vis.,90,2437650.0,2437740.0,2437695.0,1962.08082,0.9,0.9,1.0,0.1,143,
1836-2026 overview,AAVSO visual estimates,Vis.,90,2437740.0,2437830.0,2437785.0,1962.3274,1.0,0.9,1.2,0.1,75,
1836-2026 overview,AAVSO visual estimates,Vis.,90,2437830.0,2437920.0,2437875.0,1962.57397,1.1,1.0,1.2,0.1,8,
1836-2026 overview,AAVSO visual estimates,Vis.,90,2437920.0,2438010.0,2437965.0,1962.82055,1.1,0.9,1.2,0.1,100,
1836-2026 overview,AAVSO visual estimates,Vis.,90,2438010.0,2438100.0,2438055.0,1963.06712,0.9,0.8,1.0,0.1,151,
1836-2026 overview,AAVSO visual estimates,Vis.,90,2438100.0,2438190.0,2438145.0,1963.3137,0.9,0.8,1.0,0.1,60,
1836-2026 overview,AAVSO visual estimates,Vis.,90,2438190.0,2438280.0,2438235.0,1963.56027,0.95,0.9,1.075,0.1,6,
1836-2026 overview,AAVSO visual estimates,Vis.,90,2438280.0,2438370.0,2438325.0,1963.80685,1.0,0.825,1.0,0.1,34,
1836-2026 overview,AAVSO visual estimates,Vis.,90,2438370.0,2438460.0,2438415.0,1964.05328,0.8,0.8,0.9,0.1,95,
1836-2026 overview,AAVSO visual estimates,Vis.,90,2438460.0,2438550.0,2438505.0,1964.29918,0.7,0.6,0.9,0.2,29,
1836-2026 overview,AAVSO visual estimates,Vis.,90,2438550.0,2438640.0,2438595.0,1964.54508,0.9,0.9,0.9,0.0,1,
1836-2026 overview,AAVSO visual estimates,Vis.,90,2438640.0,2438730.0,2438685.0,1964.79098,0.7,0.5,0.9,0.2,68,
1836-2026 overview,AAVSO Johnson V,V,90,2438730.0,2438820.0,2438775.0,1965.03699,0.23,0.16,0.3,0.14,2,
1836-2026 overview,AAVSO visual estimates,Vis.,90,2438730.0,2438820.0,2438775.0,1965.03699,0.7,0.4,0.8,0.2,119,
1836-2026 overview,AAVSO visual estimates,Vis.,90,2438820.0,2438910.0,2438865.0,1965.28356,0.5,0.4,0.7,0.1,68,
1836-2026 overview,AAVSO visual estimates,Vis.,90,2438910.0,2439000.0,2438955.0,1965.53014,0.5,0.5,0.65,0.0,3,
1836-2026 overview,AAVSO visual estimates,Vis.,90,2439000.0,2439090.0,2439045.0,1965.77671,0.8,0.5,0.9,0.2,55,
1836-2026 overview,AAVSO Johnson V,V,90,2439090.0,2439180.0,2439135.0,1966.02329,0.69,0.69,0.69,0.0,1,
1836-2026 overview,AAVSO visual estimates,Vis.,90,2439090.0,2439180.0,2439135.0,1966.02329,0.7,0.5,0.8,0.2,105,
1836-2026 overview,AAVSO visual estimates,Vis.,90,2439180.0,2439270.0,2439225.0,1966.26986,0.9,0.8,0.9,0.0,230,
1836-2026 overview,AAVSO visual estimates,Vis.,90,2439270.0,2439360.0,2439315.0,1966.51644,0.9,0.85,1.05,0.1,3,
1836-2026 overview,AAVSO visual estimates,Vis.,90,2439360.0,2439450.0,2439405.0,1966.76301,0.6,0.5,0.9,0.2,50,
1836-2026 overview,AAVSO visual estimates,Vis.,90,2439450.0,2439540.0,2439495.0,1967.00959,1.0,0.9,1.1,0.1,144,
1836-2026 overview,AAVSO visual estimates,Vis.,90,2439540.0,2439630.0,2439585.0,1967.25616,0.8,0.7,0.9,0.1,146,
1836-2026 overview,AAVSO visual estimates,Vis.,90,2439630.0,2439720.0,2439675.0,1967.50274,0.9,0.8,1.09,0.1,29,
1836-2026 overview,AAVSO visual estimates,Vis.,90,2439720.0,2439810.0,2439765.0,1967.74932,0.7,0.5,0.9,0.2,65,
1836-2026 overview,AAVSO visual estimates,Vis.,90,2439810.0,2439900.0,2439855.0,1967.99589,0.7,0.6,0.8,0.1,229,
1836-2026 overview,AAVSO visual estimates,Vis.,90,2439900.0,2439990.0,2439945.0,1968.2418,0.7,0.6,0.7,0.1,222,
1836-2026 overview,AAVSO visual estimates,Vis.,90,2439990.0,2440080.0,2440035.0,1968.4877,0.7,0.6,0.8,0.2,3,
1836-2026 overview,AAVSO visual estimates,Vis.,90,2440080.0,2440170.0,2440125.0,1968.73361,0.7,0.5,0.9,0.2,53,
1836-2026 overview,AAVSO visual estimates,Vis.,90,2440170.0,2440260.0,2440215.0,1968.97951,0.6,0.4,0.8,0.2,109,
1836-2026 overview,AAVSO visual estimates,Vis.,90,2440260.0,2440350.0,2440305.0,1969.22603,0.6,0.4,0.8,0.2,171,
1836-2026 overview,AAVSO visual estimates,Vis.,90,2440350.0,2440440.0,2440395.0,1969.4726,0.8,0.8,0.8,0.0,1,
1836-2026 overview,AAVSO visual estimates,Vis.,90,2440440.0,2440530.0,2440485.0,1969.71918,0.6,0.4,0.9,0.2,69,
1836-2026 overview,AAVSO visual estimates,Vis.,90,2440530.0,2440620.0,2440575.0,1969.96575,0.5,0.4,0.8,0.2,157,
1836-2026 overview,AAVSO visual estimates,Vis.,90,2440620.0,2440710.0,2440665.0,1970.21233,0.5,0.4,0.6,0.1,274,
1836-2026 overview,AAVSO visual estimates,Vis.,90,2440710.0,2440800.0,2440755.0,1970.4589,0.3,0.2,0.44,0.1,4,
1836-2026 overview,AAVSO visual estimates,Vis.,90,2440800.0,2440890.0,2440845.0,1970.70548,0.9,0.6,0.9,0.0,90,
1836-2026 overview,AAVSO Johnson V,V,90,2440890.0,2440980.0,2440935.0,1970.95205,0.58,0.57,0.62,0.02,3,
1836-2026 overview,AAVSO visual estimates,Vis.,90,2440890.0,2440980.0,2440935.0,1970.95205,0.525,0.4,0.8,0.125,186,
1836-2026 overview,AAVSO Johnson V,V,90,2440980.0,2441070.0,2441025.0,1971.19863,0.61,0.61,0.61,0.0,1,
1836-2026 overview,AAVSO visual estimates,Vis.,90,2440980.0,2441070.0,2441025.0,1971.19863,0.57,0.46,0.7,0.11,196,
1836-2026 overview,AAVSO visual estimates,Vis.,90,2441070.0,2441160.0,2441115.0,1971.44521,0.65,0.6,0.66,0.05,5,
1836-2026 overview,AAVSO visual estimates,Vis.,90,2441160.0,2441250.0,2441205.0,1971.69178,0.8,0.7,0.9,0.1,77,
1836-2026 overview,AAVSO Johnson V,V,90,2441250.0,2441340.0,2441295.0,1971.93836,0.55,0.51,0.59,0.08,2,
1836-2026 overview,AAVSO visual estimates,Vis.,90,2441250.0,2441340.0,2441295.0,1971.93836,0.7,0.6,0.9,0.2,141,
1836-2026 overview,AAVSO visual estimates,Vis.,90,2441340.0,2441430.0,2441385.0,1972.18443,0.57,0.5,0.7,0.09,264,
1836-2026 overview,AAVSO visual estimates,Vis.,90,2441430.0,2441520.0,2441475.0,1972.43033,0.5,0.5,0.8,0.16,5,
1836-2026 overview,AAVSO visual estimates,Vis.,90,2441520.0,2441610.0,2441565.0,1972.67623,0.8,0.6,0.9,0.2,58,
1836-2026 overview,AAVSO visual estimates,Vis.,90,2441610.0,2441700.0,2441655.0,1972.92213,0.7,0.585,0.8,0.1,226,
1836-2026 overview,AAVSO Johnson V,V,90,2441700.0,2441790.0,2441745.0,1973.16849,0.74,0.74,0.74,0.0,1,
1836-2026 overview,AAVSO visual estimates,Vis.,90,2441700.0,2441790.0,2441745.0,1973.16849,0.69,0.5,0.8,0.13,283,
1836-2026 overview,AAVSO visual estimates,Vis.,90,2441790.0,2441880.0,2441835.0,1973.41507,0.6,0.5,0.7,0.1,15,
1836-2026 overview,AAVSO visual estimates,Vis.,90,2441880.0,2441970.0,2441925.0,1973.66164,1.0,0.8,1.0,0.1,55,
1836-2026 overview,AAVSO visual estimates,Vis.,90,2441970.0,2442060.0,2442015.0,1973.90822,0.8,0.5,0.9,0.2,179,
1836-2026 overview,AAVSO visual estimates,Vis.,90,2442060.0,2442150.0,2442105.0,1974.15479,0.8,0.7,1.0,0.1,243,
1836-2026 overview,AAVSO visual estimates,Vis.,90,2442150.0,2442240.0,2442195.0,1974.40137,0.9,0.7,0.9,0.1,29,
1836-2026 overview,AAVSO visual estimates,Vis.,90,2442240.0,2442330.0,2442285.0,1974.64795,0.9,0.8,0.925,0.1,44,
1836-2026 overview,AAVSO visual estimates,Vis.,90,2442330.0,2442420.0,2442375.0,1974.89452,0.8,0.62,0.9,0.1,137,
1836-2026 overview,AAVSO Johnson V,V,90,2442420.0,2442510.0,2442465.0,1975.1411,0.475,0.4725,0.4775,0.005,2,
1836-2026 overview,AAVSO visual estimates,Vis.,90,2442420.0,2442510.0,2442465.0,1975.1411,0.7,0.5,0.9,0.2,177,
1836-2026 overview,AAVSO visual estimates,Vis.,90,2442510.0,2442600.0,2442555.0,1975.38767,0.7,0.5,0.8,0.2,26,
1836-2026 overview,AAVSO visual estimates,Vis.,90,2442600.0,2442690.0,2442645.0,1975.63425,0.6,0.475,0.825,0.2,40,
1836-2026 overview,AAVSO visual estimates,Vis.,90,2442690.0,2442780.0,2442735.0,1975.88082,0.6,0.3,0.8,0.2,129,
1836-2026 overview,AAVSO Johnson V,V,90,2442780.0,2442870.0,2442825.0,1976.12705,0.345,0.2725,0.4175,0.145,2,
1836-2026 overview,AAVSO visual estimates,Vis.,90,2442780.0,2442870.0,2442825.0,1976.12705,0.5,0.4,0.7,0.2,234,
1836-2026 overview,AAVSO visual estimates,Vis.,90,2442870.0,2442960.0,2442915.0,1976.37295,0.5,0.4,0.5,0.1,90,
1836-2026 overview,AAVSO visual estimates,Vis.,90,2442960.0,2443050.0,2443005.0,1976.61885,0.6,0.4,0.9,0.3,48,
1836-2026 overview,AAVSO visual estimates,Vis.,90,2443050.0,2443140.0,2443095.0,1976.86475,0.5,0.4,0.7,0.1,133,
1836-2026 overview,AAVSO visual estimates,Vis.,90,2443140.0,2443230.0,2443185.0,1977.11096,0.6,0.5,0.9,0.1,251,
1836-2026 overview,AAVSO visual estimates,Vis.,90,2443230.0,2443320.0,2443275.0,1977.35753,0.65,0.6,0.9,0.15,60,
1836-2026 overview,AAVSO visual estimates,Vis.,90,2443320.0,2443410.0,2443365.0,1977.60411,0.9,0.8,1.0,0.1,27,
1836-2026 overview,AAVSO visual estimates,Vis.,90,2443410.0,2443500.0,2443455.0,1977.85068,0.9,0.7,1.0,0.1,105,
1836-2026 overview,AAVSO visual estimates,Vis.,90,2443500.0,2443590.0,2443545.0,1978.09726,0.8,0.7,1.0,0.1,181,
1836-2026 overview,AAVSO visual estimates,Vis.,90,2443590.0,2443680.0,2443635.0,1978.34384,1.0,0.775,1.4,0.3,64,
1836-2026 overview,AAVSO visual estimates,Vis.,90,2443680.0,2443770.0,2443725.0,1978.59041,0.95,0.8,1.0,0.15,24,
1836-2026 overview,AAVSO visual estimates,Vis.,90,2443770.0,2443860.0,2443815.0,1978.83699,0.8,0.7,1.1,0.2,111,
1836-2026 overview,AAVSO visual estimates,Vis.,90,2443860.0,2443950.0,2443905.0,1979.08356,0.8,0.63,0.9,0.1,201,
1836-2026 overview,AAVSO visual estimates,Vis.,90,2443950.0,2444040.0,2443995.0,1979.33014,0.8,0.6,1.0,0.2,71,
1836-2026 overview,AAVSO visual estimates,Vis.,90,2444040.0,2444130.0,2444085.0,1979.57671,1.4,0.9,1.5,0.2,19,
1836-2026 overview,AAVSO Johnson V,V,90,2444130.0,2444220.0,2444175.0,1979.82329,0.9,0.9,0.9,0.0,1,
1836-2026 overview,AAVSO visual estimates,Vis.,90,2444130.0,2444220.0,2444175.0,1979.82329,0.9,0.7,1.4,0.3,131,
1836-2026 overview,AAVSO visual estimates,Vis.,90,2444220.0,2444310.0,2444265.0,1980.06967,0.8,0.6725,0.9,0.1,174,
1836-2026 overview,AAVSO visual estimates,Vis.,90,2444310.0,2444400.0,2444355.0,1980.31557,0.7,0.6,0.9,0.1,84,
1836-2026 overview,AAVSO visual estimates,Vis.,90,2444400.0,2444490.0,2444445.0,1980.56148,0.9,0.7,1.2,0.25,18,
1836-2026 overview,AAVSO visual estimates,Vis.,90,2444490.0,2444580.0,2444535.0,1980.80738,0.8,0.595,0.9,0.2,96,
1836-2026 overview,AAVSO Johnson V,V,90,2444580.0,2444670.0,2444625.0,1981.05342,0.35,0.28,0.503,0.12,5,
1836-2026 overview,AAVSO visual estimates,Vis.,90,2444580.0,2444670.0,2444625.0,1981.05342,0.5,0.31,0.7,0.2,191,
1836-2026 overview,AAVSO Johnson V,V,90,2444670.0,2444760.0,2444715.0,1981.3,0.522,0.498,0.5662,0.0395,6,
1836-2026 overview,AAVSO visual estimates,Vis.,90,2444670.0,2444760.0,2444715.0,1981.3,0.6,0.2625,0.8,0.3,106,
1836-2026 overview,AAVSO visual estimates,Vis.,90,2444760.0,2444850.0,2444805.0,1981.54658,1.4,1.0,1.5,0.1,19,
1836-2026 overview,AAVSO Johnson V,V,90,2444850.0,2444940.0,2444895.0,1981.79315,0.735,0.7225,0.7475,0.025,2,
1836-2026 overview,AAVSO visual estimates,Vis.,90,2444850.0,2444940.0,2444895.0,1981.79315,0.725,0.55,0.9,0.175,98,
1836-2026 overview,AAVSO Johnson V,V,90,2444940.0,2445030.0,2444985.0,1982.03973,0.49,0.49,0.49,0.0,1,
1836-2026 overview,AAVSO visual estimates,Vis.,90,2444940.0,2445030.0,2444985.0,1982.03973,0.7,0.4,0.8,0.2,168,
1836-2026 overview,AAVSO Johnson V,V,90,2445030.0,2445120.0,2445075.0,1982.2863,0.51,0.51,0.51,0.0,1,
1836-2026 overview,AAVSO visual estimates,Vis.,90,2445030.0,2445120.0,2445075.0,1982.2863,0.7,0.4,1.1,0.3,145,
1836-2026 overview,AAVSO visual estimates,Vis.,90,2445120.0,2445210.0,2445165.0,1982.53288,1.0,0.9,1.0,0.0,19,
1836-2026 overview,AAVSO visual estimates,Vis.,90,2445210.0,2445300.0,2445255.0,1982.77945,0.9,0.5,0.9,0.24,95,
1836-2026 overview,AAVSO Johnson V,V,90,2445300.0,2445390.0,2445345.0,1983.02603,0.61,0.61,0.61,0.0,1,
1836-2026 overview,AAVSO visual estimates,Vis.,90,2445300.0,2445390.0,2445345.0,1983.02603,0.7,0.5,0.9,0.2,194,
1836-2026 overview,AAVSO Johnson V,V,90,2445390.0,2445480.0,2445435.0,1983.2726,0.5905,0.5837,0.5972,0.0135,2,
1836-2026 overview,AAVSO visual estimates,Vis.,90,2445390.0,2445480.0,2445435.0,1983.2726,0.8,0.6,0.9,0.2,137,
1836-2026 overview,AAVSO visual estimates,Vis.,90,2445480.0,2445570.0,2445525.0,1983.51918,1.0,0.9,1.35,0.2,14,
1836-2026 overview,AAVSO visual estimates,Vis.,90,2445570.0,2445660.0,2445615.0,1983.76575,0.9,0.7,1.0,0.1,83,
1836-2026 overview,AAVSO visual estimates,Vis.,90,2445660.0,2445750.0,2445705.0,1984.0123,0.58,0.4,0.8,0.18,180,
1836-2026 overview,AAVSO Johnson V,V,90,2445750.0,2445840.0,2445795.0,1984.2582,0.644,0.644,0.644,0.0,1,
1836-2026 overview,AAVSO visual estimates,Vis.,90,2445750.0,2445840.0,2445795.0,1984.2582,0.7,0.6,0.9,0.2,128,
1836-2026 overview,AAVSO visual estimates,Vis.,90,2445840.0,2445930.0,2445885.0,1984.5041,1.5,1.5,1.6,0.1,10,
1836-2026 overview,AAVSO visual estimates,Vis.,90,2445930.0,2446020.0,2445975.0,1984.75,1.0,0.9,1.6,0.2,85,
1836-2026 overview,AAVSO visual estimates,Vis.,90,2446020.0,2446110.0,2446065.0,1984.9959,0.8,0.7,0.9,0.1,189,
1836-2026 overview,AAVSO visual estimates,Vis.,90,2446110.0,2446200.0,2446155.0,1985.24247,0.8,0.7,1.0,0.12,166,
1836-2026 overview,AAVSO visual estimates,Vis.,90,2446200.0,2446290.0,2446245.0,1985.48904,0.725,0.6375,0.8125,0.175,2,
1836-2026 overview,AAVSO Johnson V,V,90,2446290.0,2446380.0,2446335.0,1985.73562,0.67,0.625,0.675,0.01,3,
1836-2026 overview,AAVSO visual estimates,Vis.,90,2446290.0,2446380.0,2446335.0,1985.73562,0.9,0.71,0.9,0.1,87,
1836-2026 overview,AAVSO Johnson V,V,90,2446380.0,2446470.0,2446425.0,1985.98219,0.675,0.6575,0.6925,0.035,2,
1836-2026 overview,AAVSO visual estimates,Vis.,90,2446380.0,2446470.0,2446425.0,1985.98219,0.8,0.7,0.9,0.1,217,
1836-2026 overview,AAVSO visual estimates,Vis.,90,2446470.0,2446560.0,2446515.0,1986.22877,0.66,0.4,0.9,0.24,228,
1836-2026 overview,AAVSO visual estimates,Vis.,90,2446560.0,2446650.0,2446605.0,1986.47534,0.85,0.825,0.875,0.05,2,
1836-2026 overview,AAVSO visual estimates,Vis.,90,2446650.0,2446740.0,2446695.0,1986.72192,0.8,0.6,0.9,0.1,115,
1836-2026 overview,AAVSO Johnson V,V,90,2446740.0,2446830.0,2446785.0,1986.96849,0.489,0.4835,0.4945,0.011,2,
1836-2026 overview,AAVSO visual estimates,Vis.,90,2446740.0,2446830.0,2446785.0,1986.96849,0.6,0.5,0.8,0.18,228,
1836-2026 overview,AAVSO Johnson V,V,90,2446830.0,2446920.0,2446875.0,1987.21507,0.372,0.358,0.4145,0.026,7,
1836-2026 overview,AAVSO visual estimates,Vis.,90,2446830.0,2446920.0,2446875.0,1987.21507,0.6,0.4,0.8,0.2,221,
1836-2026 overview,AAVSO visual estimates,Vis.,90,2446920.0,2447010.0,2446965.0,1987.46164,0.22,0.22,0.4,0.0,7,
1836-2026 overview,AAVSO visual estimates,Vis.,90,2447010.0,2447100.0,2447055.0,1987.70822,0.465,0.355,0.9,0.175,158,
1836-2026 overview,AAVSO Johnson V,V,90,2447100.0,2447190.0,2447145.0,1987.95479,0.607,0.607,0.607,0.0,1,
1836-2026 overview,AAVSO visual estimates,Vis.,90,2447100.0,2447190.0,2447145.0,1987.95479,0.6,0.475,0.9,0.2,203,
1836-2026 overview,AAVSO Johnson V,V,90,2447190.0,2447280.0,2447235.0,1988.20082,0.4,0.394,0.4655,0.017,11,
1836-2026 overview,AAVSO visual estimates,Vis.,90,2447190.0,2447280.0,2447235.0,1988.20082,0.67,0.5,0.9,0.17,211,
1836-2026 overview,AAVSO visual estimates,Vis.,90,2447280.0,2447370.0,2447325.0,1988.44672,0.66,0.45,0.745,0.18,12,
1836-2026 overview,AAVSO Johnson V,V,90,2447370.0,2447460.0,2447415.0,1988.69262,0.74,0.74,0.74,0.0,1,
1836-2026 overview,AAVSO visual estimates,Vis.,90,2447370.0,2447460.0,2447415.0,1988.69262,0.7,0.61,0.9,0.15,102,
1836-2026 overview,AAVSO Johnson V,V,90,2447460.0,2447550.0,2447505.0,1988.93852,0.84,0.81,0.91,0.07,5,
1836-2026 overview,AAVSO visual estimates,Vis.,90,2447460.0,2447550.0,2447505.0,1988.93852,0.9,0.7,1.0,0.2,123,
1836-2026 overview,AAVSO Johnson V,V,90,2447550.0,2447640.0,2447595.0,1989.18493,0.93,0.909,0.952,0.022,9,
1836-2026 overview,AAVSO visual estimates,Vis.,90,2447550.0,2447640.0,2447595.0,1989.18493,0.92,0.8,1.1,0.12,151,
1836-2026 overview,AAVSO visual estimates,Vis.,90,2447640.0,2447730.0,2447685.0,1989.43151,0.9,0.75,0.9,0.1,6,
1836-2026 overview,AAVSO visual estimates,Vis.,90,2447730.0,2447820.0,2447775.0,1989.67808,0.9,0.7,1.0,0.1,35,
1836-2026 overview,AAVSO Johnson V,V,90,2447820.0,2447910.0,2447865.0,1989.92466,0.707,0.674,0.739,0.043,7,
1836-2026 overview,AAVSO visual estimates,Vis.,90,2447820.0,2447910.0,2447865.0,1989.92466,0.9,0.7,1.0,0.14,119,
1836-2026 overview,AAVSO Johnson V,V,90,2447910.0,2448000.0,2447955.0,1990.17123,0.622,0.6055,0.636,0.016,27,
1836-2026 overview,AAVSO visual estimates,Vis.,90,2447910.0,2448000.0,2447955.0,1990.17123,0.8,0.65,0.9,0.1,159,
1836-2026 overview,AAVSO visual estimates,Vis.,90,2448000.0,2448090.0,2448045.0,1990.41781,0.9,0.76,0.9,0.14,5,
1836-2026 overview,AAVSO visual estimates,Vis.,90,2448090.0,2448180.0,2448135.0,1990.66438,0.7,0.6,0.7,0.1,44,
1836-2026 overview,AAVSO Johnson V,V,90,2448180.0,2448270.0,2448225.0,1990.91096,0.5245,0.4675,0.56,0.0495,8,
1836-2026 overview,AAVSO visual estimates,Vis.,90,2448180.0,2448270.0,2448225.0,1990.91096,0.7,0.5,0.8,0.16,125,
1836-2026 overview,AAVSO Johnson V,V,90,2448270.0,2448360.0,2448315.0,1991.15753,0.521,0.487,0.5605,0.039,19,
1836-2026 overview,AAVSO visual estimates,Vis.,90,2448270.0,2448360.0,2448315.0,1991.15753,0.7,0.5,0.8,0.19,182,
1836-2026 overview,AAVSO Johnson V,V,90,2448360.0,2448450.0,2448405.0,1991.40411,0.554,0.554,0.554,0.0,1,
1836-2026 overview,AAVSO visual estimates,Vis.,90,2448360.0,2448450.0,2448405.0,1991.40411,0.7,0.5475,0.75,0.16,8,
1836-2026 overview,AAVSO visual estimates,Vis.,90,2448450.0,2448540.0,2448495.0,1991.65068,0.46,0.4,0.6,0.07,52,
1836-2026 overview,AAVSO Johnson V,V,90,2448540.0,2448630.0,2448585.0,1991.89726,0.355,0.3492,0.3665,0.0095,8,
1836-2026 overview,AAVSO visual estimates,Vis.,90,2448540.0,2448630.0,2448585.0,1991.89726,0.6,0.43,0.7,0.15,117,
1836-2026 overview,AAVSO Johnson V,V,90,2448630.0,2448720.0,2448675.0,1992.14344,0.383,0.359,0.393,0.024,25,
1836-2026 overview,AAVSO visual estimates,Vis.,90,2448630.0,2448720.0,2448675.0,1992.14344,0.5,0.36,0.7,0.2,166,
1836-2026 overview,AAVSO Johnson V,V,90,2448720.0,2448810.0,2448765.0,1992.38934,0.4095,0.4042,0.4148,0.0105,2,
1836-2026 overview,AAVSO visual estimates,Vis.,90,2448720.0,2448810.0,2448765.0,1992.38934,0.6,0.39,0.73,0.16,19,
1836-2026 overview,AAVSO Johnson V,V,90,2448810.0,2448900.0,2448855.0,1992.63525,0.494,0.494,0.494,0.0,1,
1836-2026 overview,AAVSO visual estimates,Vis.,90,2448810.0,2448900.0,2448855.0,1992.63525,0.6,0.5,0.8,0.2,42,
1836-2026 overview,AAVSO Johnson V,V,90,2448900.0,2448990.0,2448945.0,1992.88115,0.596,0.554,0.6975,0.076,7,
1836-2026 overview,AAVSO visual estimates,Vis.,90,2448900.0,2448990.0,2448945.0,1992.88115,0.665,0.4725,0.9,0.235,118,
1836-2026 overview,AAVSO Johnson V,V,90,2448990.0,2449080.0,2449035.0,1993.1274,0.877,0.848,0.897,0.021,25,
1836-2026 overview,AAVSO visual estimates,Vis.,90,2448990.0,2449080.0,2449035.0,1993.1274,0.9,0.7,1.0,0.1,173,
1836-2026 overview,AAVSO Johnson V,V,90,2449080.0,2449170.0,2449125.0,1993.37397,0.84,0.777,0.8612,0.0225,4,
1836-2026 overview,AAVSO visual estimates,Vis.,90,2449080.0,2449170.0,2449125.0,1993.37397,1.0,0.9,1.0,0.1,25,
1836-2026 overview,AAVSO Johnson V,V,90,2449170.0,2449260.0,2449215.0,1993.62055,0.82,0.82,0.82,0.0,1,
1836-2026 overview,AAVSO visual estimates,Vis.,90,2449170.0,2449260.0,2449215.0,1993.62055,0.9,0.8,0.9875,0.1,26,
1836-2026 overview,AAVSO Johnson V,V,90,2449260.0,2449350.0,2449305.0,1993.86712,0.61,0.598,0.6235,0.014,11,
1836-2026 overview,AAVSO visual estimates,Vis.,90,2449260.0,2449350.0,2449305.0,1993.86712,0.8,0.68,0.9,0.1,123,
1836-2026 overview,AAVSO Johnson V,V,90,2449350.0,2449440.0,2449395.0,1994.1137,0.6905,0.67,0.7185,0.023,24,
1836-2026 overview,AAVSO visual estimates,Vis.,90,2449350.0,2449440.0,2449395.0,1994.1137,0.73,0.6,0.9,0.15,189,
1836-2026 overview,AAVSO Johnson V,V,90,2449440.0,2449530.0,2449485.0,1994.36027,0.65,0.65,0.65,0.0,1,
1836-2026 overview,AAVSO visual estimates,Vis.,90,2449440.0,2449530.0,2449485.0,1994.36027,0.7,0.6,0.8,0.1,49,
1836-2026 overview,AAVSO visual estimates,Vis.,90,2449530.0,2449620.0,2449575.0,1994.60685,0.7,0.5,0.8,0.15,30,
1836-2026 overview,AAVSO Johnson V,V,90,2449620.0,2449710.0,2449665.0,1994.85342,0.477,0.4305,0.4985,0.0285,18,
1836-2026 overview,AAVSO visual estimates,Vis.,90,2449620.0,2449710.0,2449665.0,1994.85342,0.6,0.48,0.7,0.1,150,
1836-2026 overview,AAVSO Johnson V,V,90,2449710.0,2449800.0,2449755.0,1995.1,0.696,0.669,0.721,0.027,35,
1836-2026 overview,AAVSO visual estimates,Vis.,90,2449710.0,2449800.0,2449755.0,1995.1,0.71,0.6,0.9,0.11,249,
1836-2026 overview,AAVSO Johnson V,V,90,2449800.0,2449890.0,2449845.0,1995.34658,0.817,0.7935,0.822,0.015,11,
1836-2026 overview,AAVSO visual estimates,Vis.,90,2449800.0,2449890.0,2449845.0,1995.34658,0.9,0.7,1.0,0.1,65,
1836-2026 overview,AAVSO visual estimates,Vis.,90,2449890.0,2449980.0,2449935.0,1995.59315,0.7,0.65,0.8,0.1,23,
1836-2026 overview,AAVSO Johnson V,V,90,2449980.0,2450070.0,2450025.0,1995.83973,0.396,0.3715,0.447,0.047,7,
1836-2026 overview,AAVSO visual estimates,Vis.,90,2449980.0,2450070.0,2450025.0,1995.83973,0.6,0.5,0.8,0.17,114,
1836-2026 overview,AAVSO Johnson V,V,90,2450070.0,2450160.0,2450115.0,1996.08607,0.505,0.496,0.525,0.012,25,
1836-2026 overview,AAVSO visual estimates,Vis.,90,2450070.0,2450160.0,2450115.0,1996.08607,0.65,0.5,0.8,0.15,210,
1836-2026 overview,AAVSO Johnson V,V,90,2450160.0,2450250.0,2450205.0,1996.33197,0.499,0.4795,0.4995,0.001,3,
1836-2026 overview,AAVSO visual estimates,Vis.,90,2450160.0,2450250.0,2450205.0,1996.33197,0.7,0.53,0.9,0.2,91,
1836-2026 overview,AAVSO Johnson V,V,90,2450250.0,2450340.0,2450295.0,1996.57787,0.46,0.46,0.46,0.0,1,
1836-2026 overview,AAVSO visual estimates,Vis.,90,2450250.0,2450340.0,2450295.0,1996.57787,0.75,0.6,0.9,0.15,26,
1836-2026 overview,AAVSO Johnson V,V,90,2450340.0,2450430.0,2450385.0,1996.82377,0.411,0.3858,0.4637,0.0545,12,
1836-2026 overview,AAVSO visual estimates,Vis.,90,2450340.0,2450430.0,2450385.0,1996.82377,0.6,0.5,0.8,0.13,145,
1836-2026 overview,AAVSO Johnson V,V,90,2450430.0,2450520.0,2450475.0,1997.06986,0.522,0.505,0.552,0.019,33,
1836-2026 overview,AAVSO visual estimates,Vis.,90,2450430.0,2450520.0,2450475.0,1997.06986,0.7,0.5,0.8,0.2,253,
1836-2026 overview,AAVSO Johnson V,V,90,2450520.0,2450610.0,2450565.0,1997.31644,0.607,0.59,0.653,0.045,5,
1836-2026 overview,AAVSO visual estimates,Vis.,90,2450520.0,2450610.0,2450565.0,1997.31644,0.8,0.58,0.9,0.17,107,
1836-2026 overview,AAVSO visual estimates,Vis.,90,2450610.0,2450700.0,2450655.0,1997.56301,0.8,0.6,1.0,0.2,21,
1836-2026 overview,AAVSO Johnson V,V,90,2450700.0,2450790.0,2450745.0,1997.80959,0.567,0.507,0.572,0.04,5,
1836-2026 overview,AAVSO visual estimates,Vis.,90,2450700.0,2450790.0,2450745.0,1997.80959,0.7,0.4,0.8,0.185,126,
1836-2026 overview,AAVSO Johnson V,V,90,2450790.0,2450880.0,2450835.0,1998.05616,0.465,0.4565,0.4765,0.01,31,
1836-2026 overview,AAVSO visual estimates,Vis.,90,2450790.0,2450880.0,2450835.0,1998.05616,0.6,0.5,0.8,0.2,303,
1836-2026 overview,AAVSO Johnson V,V,90,2450880.0,2450970.0,2450925.0,1998.30274,0.585,0.5563,0.6075,0.0265,10,
1836-2026 overview,AAVSO visual estimates,Vis.,90,2450880.0,2450970.0,2450925.0,1998.30274,0.7,0.58,0.8,0.1,144,
1836-2026 overview,AAVSO visual estimates,Vis.,90,2450970.0,2451060.0,2451015.0,1998.54932,0.7,0.6,0.8,0.1,14,
1836-2026 overview,AAVSO Johnson V,V,90,2451060.0,2451150.0,2451105.0,1998.79589,0.3915,0.383,0.4173,0.0115,16,
1836-2026 overview,AAVSO visual estimates,Vis.,90,2451060.0,2451150.0,2451105.0,1998.79589,0.6,0.5,0.8,0.1,163,
1836-2026 overview,AAVSO Johnson V,V,90,2451150.0,2451240.0,2451195.0,1999.04247,0.439,0.3982,0.4675,0.0325,40,
1836-2026 overview,AAVSO visual estimates,Vis.,90,2451150.0,2451240.0,2451195.0,1999.04247,0.6,0.4825,0.7,0.115,294,
1836-2026 overview,AAVSO Johnson V,V,90,2451240.0,2451330.0,2451285.0,1999.28904,0.309,0.3085,0.3125,0.001,3,
1836-2026 overview,AAVSO visual estimates,Vis.,90,2451240.0,2451330.0,2451285.0,1999.28904,0.5,0.4,0.7,0.16,176,
1836-2026 overview,AAVSO visual estimates,Vis.,90,2451330.0,2451420.0,2451375.0,1999.53562,0.35,0.3,0.465,0.05,8,
1836-2026 overview,AAVSO Johnson V,V,90,2451420.0,2451510.0,2451465.0,1999.78219,0.5175,0.5112,0.5232,0.008,4,
1836-2026 overview,AAVSO visual estimates,Vis.,90,2451420.0,2451510.0,2451465.0,1999.78219,0.6,0.43,0.7,0.1,121,
1836-2026 overview,AAVSO Johnson V,V,90,2451510.0,2451600.0,2451555.0,2000.02869,0.5095,0.4952,0.5465,0.019,20,
1836-2026 overview,AAVSO visual estimates,Vis.,90,2451510.0,2451600.0,2451555.0,2000.02869,0.7,0.6,0.8,0.1,309,
1836-2026 overview,AAVSO Johnson V,V,90,2451600.0,2451690.0,2451645.0,2000.27459,0.564,0.5285,0.574,0.019,11,
1836-2026 overview,AAVSO visual estimates,Vis.,90,2451600.0,2451690.0,2451645.0,2000.27459,0.7,0.6,0.8,0.1,200,
1836-2026 overview,AAVSO visual estimates,Vis.,90,2451690.0,2451780.0,2451735.0,2000.52049,0.55,0.4,0.7,0.15,8,
1836-2026 overview,AAVSO Johnson V,V,90,2451780.0,2451870.0,2451825.0,2000.76639,0.74,0.74,0.74,0.0,1,
1836-2026 overview,AAVSO visual estimates,Vis.,90,2451780.0,2451870.0,2451825.0,2000.76639,0.6,0.525,0.8,0.1,94,
1836-2026 overview,AAVSO Johnson V,V,90,2451870.0,2451960.0,2451915.0,2001.01233,0.4935,0.4653,0.5168,0.028,18,
1836-2026 overview,AAVSO visual estimates,Vis.,90,2451870.0,2451960.0,2451915.0,2001.01233,0.6,0.5,0.8,0.1,220,
1836-2026 overview,AAVSO Johnson V,V,90,2451960.0,2452050.0,2452005.0,2001.2589,0.611,0.602,0.616,0.009,5,
1836-2026 overview,AAVSO visual estimates,Vis.,90,2451960.0,2452050.0,2452005.0,2001.2589,0.8,0.5,0.8,0.1,169,
1836-2026 overview,AAVSO visual estimates,Vis.,90,2452050.0,2452140.0,2452095.0,2001.50548,0.8,0.8,0.8,0.0,1,
1836-2026 overview,AAVSO Johnson V,V,90,2452140.0,2452230.0,2452185.0,2001.75205,0.479,0.479,0.479,0.0,1,
1836-2026 overview,AAVSO visual estimates,Vis.,90,2452140.0,2452230.0,2452185.0,2001.75205,0.7,0.6,0.775,0.1,54,
1836-2026 overview,AAVSO Johnson V,V,90,2452230.0,2452320.0,2452275.0,2001.99863,0.485,0.452,0.518,0.033,21,
1836-2026 overview,AAVSO visual estimates,Vis.,90,2452230.0,2452320.0,2452275.0,2001.99863,0.6,0.5,0.8,0.2,175,
1836-2026 overview,AAVSO Johnson V,V,90,2452320.0,2452410.0,2452365.0,2002.24521,0.632,0.594,0.653,0.029,9,
1836-2026 overview,AAVSO visual estimates,Vis.,90,2452320.0,2452410.0,2452365.0,2002.24521,0.8,0.6,0.9,0.1,153,
1836-2026 overview,AAVSO visual estimates,Vis.,90,2452410.0,2452500.0,2452455.0,2002.49178,0.4,0.4,0.4,0.0,1,
1836-2026 overview,AAVSO visual estimates,Vis.,90,2452500.0,2452590.0,2452545.0,2002.73836,0.7,0.5,0.8,0.2,60,
1836-2026 overview,AAVSO Johnson V,V,90,2452590.0,2452680.0,2452635.0,2002.98493,0.4635,0.4133,0.5353,0.0605,10,
1836-2026 overview,AAVSO visual estimates,Vis.,90,2452590.0,2452680.0,2452635.0,2002.98493,0.6,0.5,0.8,0.1,163,
1836-2026 overview,AAVSO Johnson V,V,90,2452680.0,2452770.0,2452725.0,2003.23151,0.707,0.658,0.7905,0.065,22,
1836-2026 overview,AAVSO visual estimates,Vis.,90,2452680.0,2452770.0,2452725.0,2003.23151,0.9,0.8,1.0,0.1,158,
1836-2026 overview,AAVSO visual estimates,Vis.,90,2452770.0,2452860.0,2452815.0,2003.47808,0.8,0.8,0.8,0.0,1,
1836-2026 overview,AAVSO Johnson V,V,90,2452860.0,2452950.0,2452905.0,2003.72466,0.86,0.86,0.86,0.0,1,
1836-2026 overview,AAVSO visual estimates,Vis.,90,2452860.0,2452950.0,2452905.0,2003.72466,0.8,0.7,0.9,0.1,74,
1836-2026 overview,AAVSO Johnson V,V,90,2452950.0,2453040.0,2452995.0,2003.97123,0.448,0.445,0.454,0.005,7,
1836-2026 overview,AAVSO visual estimates,Vis.,90,2452950.0,2453040.0,2452995.0,2003.97123,0.6,0.5,0.7,0.1,224,
1836-2026 overview,AAVSO Johnson V,V,90,2453040.0,2453130.0,2453085.0,2004.21721,0.483,0.46,0.491,0.015,9,
1836-2026 overview,AAVSO visual estimates,Vis.,90,2453040.0,2453130.0,2453085.0,2004.21721,0.7,0.5,0.8,0.1,224,
1836-2026 overview,AAVSO visual estimates,Vis.,90,2453130.0,2453220.0,2453175.0,2004.46311,0.8,0.75,0.9,0.1,3,
1836-2026 overview,AAVSO visual estimates,Vis.,90,2453220.0,2453310.0,2453265.0,2004.70902,0.5,0.4,0.7,0.1,69,
1836-2026 overview,AAVSO Johnson V,V,90,2453310.0,2453400.0,2453355.0,2004.95492,0.438,0.4345,0.4475,0.0055,6,
1836-2026 overview,AAVSO visual estimates,Vis.,90,2453310.0,2453400.0,2453355.0,2004.95492,0.5,0.4,0.7,0.1,167,
1836-2026 overview,AAVSO Johnson V,V,90,2453400.0,2453490.0,2453445.0,2005.20137,0.409,0.406,0.435,0.007,7,
1836-2026 overview,AAVSO visual estimates,Vis.,90,2453400.0,2453490.0,2453445.0,2005.20137,0.6,0.4,0.7,0.2,172,
1836-2026 overview,AAVSO visual estimates,Vis.,90,2453490.0,2453580.0,2453535.0,2005.44795,0.75,0.675,0.8,0.05,4,
1836-2026 overview,AAVSO visual estimates,Vis.,90,2453580.0,2453670.0,2453625.0,2005.69452,0.7,0.6,0.8,0.1,75,
1836-2026 overview,AAVSO visual estimates,Vis.,90,2453670.0,2453760.0,2453715.0,2005.9411,0.6,0.4,0.7,0.2,184,
1836-2026 overview,AAVSO Johnson V,V,90,2453760.0,2453850.0,2453805.0,2006.18767,0.487,0.463,0.509,0.024,5,
1836-2026 overview,AAVSO visual estimates,Vis.,90,2453760.0,2453850.0,2453805.0,2006.18767,0.6,0.4,0.7,0.1,234,
1836-2026 overview,AAVSO visual estimates,Vis.,90,2453850.0,2453940.0,2453895.0,2006.43425,0.8,0.7,0.95,0.1,7,
1836-2026 overview,AAVSO visual estimates,Vis.,90,2453940.0,2454030.0,2453985.0,2006.68082,1.0,0.875,1.1,0.1,76,
1836-2026 overview,AAVSO Johnson V,V,90,2454030.0,2454120.0,2454075.0,2006.9274,0.684,0.658,0.71,0.052,2,
1836-2026 overview,AAVSO visual estimates,Vis.,90,2454030.0,2454120.0,2454075.0,2006.9274,0.8,0.7,1.0,0.2,198,
1836-2026 overview,AAVSO Johnson V,V,90,2454120.0,2454210.0,2454165.0,2007.17397,0.449,0.436,0.453,0.013,5,
1836-2026 overview,AAVSO visual estimates,Vis.,90,2454120.0,2454210.0,2454165.0,2007.17397,0.6,0.5,0.7,0.1,317,
1836-2026 overview,AAVSO visual estimates,Vis.,90,2454210.0,2454300.0,2454255.0,2007.42055,0.6,0.4,0.8,0.2,17,
1836-2026 overview,AAVSO visual estimates,Vis.,90,2454300.0,2454390.0,2454345.0,2007.66712,0.8,0.65,1.0,0.2,103,
1836-2026 overview,AAVSO Johnson V,V,90,2454390.0,2454480.0,2454435.0,2007.9137,0.6175,0.6062,0.6288,0.0225,2,
1836-2026 overview,AAVSO visual estimates,Vis.,90,2454390.0,2454480.0,2454435.0,2007.9137,1.0,0.8,1.1,0.2,224,
1836-2026 overview,AAVSO Johnson V,V,90,2454480.0,2454570.0,2454525.0,2008.15984,0.5105,0.5062,0.5148,0.0085,2,
1836-2026 overview,AAVSO visual estimates,Vis.,90,2454480.0,2454570.0,2454525.0,2008.15984,0.7,0.6,0.8,0.1,279,
1836-2026 overview,AAVSO visual estimates,Vis.,90,2454570.0,2454660.0,2454615.0,2008.40574,0.8,0.6,0.915,0.2,19,
1836-2026 overview,AAVSO Johnson V,V,90,2454660.0,2454750.0,2454705.0,2008.65164,0.82,0.54,0.88,0.27,9,
1836-2026 overview,AAVSO visual estimates,Vis.,90,2454660.0,2454750.0,2454705.0,2008.65164,0.8,0.7,1.0,0.1,58,
1836-2026 overview,AAVSO Johnson V,V,90,2454750.0,2454840.0,2454795.0,2008.89754,0.9,0.65,0.942,0.11,21,
1836-2026 overview,AAVSO visual estimates,Vis.,90,2454750.0,2454840.0,2454795.0,2008.89754,0.9,0.8,1.1,0.1,198,
1836-2026 overview,AAVSO Johnson V,V,90,2454840.0,2454930.0,2454885.0,2009.14384,0.755,0.668,0.863,0.099,23,
1836-2026 overview,AAVSO visual estimates,Vis.,90,2454840.0,2454930.0,2454885.0,2009.14384,0.9,0.7,1.0,0.1,252,
1836-2026 overview,AAVSO visual estimates,Vis.,90,2454930.0,2455020.0,2454975.0,2009.39041,0.7,0.6,0.8,0.1,56,
1836-2026 overview,AAVSO Johnson V,V,90,2455020.0,2455110.0,2455065.0,2009.63699,0.795,0.635,0.8475,0.11,30,
1836-2026 overview,AAVSO visual estimates,Vis.,90,2455020.0,2455110.0,2455065.0,2009.63699,0.5,0.3,0.7,0.2,96,
1836-2026 overview,AAVSO Johnson V,V,90,2455110.0,2455200.0,2455155.0,2009.88356,0.438,0.3883,0.4825,0.057,4,
1836-2026 overview,AAVSO visual estimates,Vis.,90,2455110.0,2455200.0,2455155.0,2009.88356,0.5,0.3,0.65,0.2,171,
1836-2026 overview,AAVSO Johnson V,V,90,2455200.0,2455290.0,2455245.0,2010.13014,0.462,0.4435,0.5098,0.0305,6,
1836-2026 overview,AAVSO visual estimates,Vis.,90,2455200.0,2455290.0,2455245.0,2010.13014,0.5,0.35,0.6,0.11,478,
1836-2026 overview,AAVSO Johnson V,V,90,2455290.0,2455380.0,2455335.0,2010.37671,0.372,0.365,0.387,0.014,3,
1836-2026 overview,AAVSO visual estimates,Vis.,90,2455290.0,2455380.0,2455335.0,2010.37671,0.5,0.4,0.6,0.1,84,
1836-2026 overview,AAVSO visual estimates,Vis.,90,2455380.0,2455470.0,2455425.0,2010.62329,0.6,0.4,0.7,0.2,37,
1836-2026 overview,AAVSO Johnson V,V,90,2455470.0,2455560.0,2455515.0,2010.86986,0.2215,0.2027,0.2403,0.0375,2,
1836-2026 overview,AAVSO visual estimates,Vis.,90,2455470.0,2455560.0,2455515.0,2010.86986,0.4,0.2,0.5,0.2,244,
1836-2026 overview,AAVSO Johnson V,V,90,2455560.0,2455650.0,2455605.0,2011.11644,0.534,0.5205,0.5475,0.027,2,
1836-2026 overview,AAVSO visual estimates,Vis.,90,2455560.0,2455650.0,2455605.0,2011.11644,0.5,0.4,0.7,0.14,387,
1836-2026 overview,AAVSO visual estimates,Vis.,90,2455650.0,2455740.0,2455695.0,2011.36301,0.6,0.5,0.71,0.1,71,
1836-2026 overview,AAVSO visual estimates,Vis.,90,2455740.0,2455830.0,2455785.0,2011.60959,0.6,0.5,0.75,0.1,43,
1836-2026 overview,AAVSO Johnson V,V,90,2455830.0,2455920.0,2455875.0,2011.85616,0.487,0.468,0.5215,0.038,3,
1836-2026 overview,AAVSO visual estimates,Vis.,90,2455830.0,2455920.0,2455875.0,2011.85616,0.6,0.4,0.8,0.2,226,
1836-2026 overview,AAVSO Johnson V,V,90,2455920.0,2456010.0,2455965.0,2012.10246,0.424,0.408,0.482,0.03,13,
1836-2026 overview,AAVSO visual estimates,Vis.,90,2455920.0,2456010.0,2455965.0,2012.10246,0.47,0.3,0.6,0.17,497,
1836-2026 overview,AAVSO Johnson V,V,90,2456010.0,2456100.0,2456055.0,2012.34836,0.546,0.546,0.546,0.0,1,
1836-2026 overview,AAVSO visual estimates,Vis.,90,2456010.0,2456100.0,2456055.0,2012.34836,0.6,0.5,0.6,0.1,127,
1836-2026 overview,AAVSO visual estimates,Vis.,90,2456100.0,2456190.0,2456145.0,2012.59426,0.55,0.475,0.7,0.15,32,
1836-2026 overview,AAVSO Johnson V,V,90,2456190.0,2456280.0,2456235.0,2012.84016,0.486,0.486,0.486,0.0,1,
1836-2026 overview,AAVSO visual estimates,Vis.,90,2456190.0,2456280.0,2456235.0,2012.84016,0.5,0.4,0.7,0.1,143,
1836-2026 overview,AAVSO Johnson V,V,90,2456280.0,2456370.0,2456325.0,2013.0863,0.4485,0.423,0.492,0.038,32,
1836-2026 overview,AAVSO visual estimates,Vis.,90,2456280.0,2456370.0,2456325.0,2013.0863,0.5,0.3625,0.7,0.2,266,
1836-2026 overview,AAVSO Johnson V,V,90,2456370.0,2456460.0,2456415.0,2013.33288,0.559,0.4988,0.568,0.0295,10,
1836-2026 overview,AAVSO visual estimates,Vis.,90,2456370.0,2456460.0,2456415.0,2013.33288,0.5,0.3,0.7,0.2,68,
1836-2026 overview,AAVSO Johnson V,V,90,2456460.0,2456550.0,2456505.0,2013.57945,0.578,0.578,0.578,0.0,1,
1836-2026 overview,AAVSO visual estimates,Vis.,90,2456460.0,2456550.0,2456505.0,2013.57945,0.5,0.4,0.8,0.2,28,
1836-2026 overview,AAVSO Johnson V,V,90,2456550.0,2456640.0,2456595.0,2013.82603,0.573,0.5585,0.5785,0.012,27,
1836-2026 overview,AAVSO visual estimates,Vis.,90,2456550.0,2456640.0,2456595.0,2013.82603,0.6,0.475,0.7,0.1,160,
1836-2026 overview,AAVSO Johnson V,V,90,2456640.0,2456730.0,2456685.0,2014.0726,0.443,0.3845,0.495,0.057,23,
1836-2026 overview,AAVSO visual estimates,Vis.,90,2456640.0,2456730.0,2456685.0,2014.0726,0.5,0.4,0.6,0.1,375,
1836-2026 overview,AAVSO Johnson V,V,90,2456730.0,2456820.0,2456775.0,2014.31918,0.359,0.347,0.394,0.025,19,
1836-2026 overview,AAVSO visual estimates,Vis.,90,2456730.0,2456820.0,2456775.0,2014.31918,0.4,0.37,0.6,0.1,150,
1836-2026 overview,AAVSO Johnson V,V,90,2456820.0,2456910.0,2456865.0,2014.56575,0.5425,0.5373,0.547,0.005,6,
1836-2026 overview,AAVSO visual estimates,Vis.,90,2456820.0,2456910.0,2456865.0,2014.56575,0.4,0.3,0.6,0.1,35,
1836-2026 overview,AAVSO Johnson V,V,90,2456910.0,2457000.0,2456955.0,2014.81233,0.551,0.5318,0.5655,0.0175,16,
1836-2026 overview,AAVSO visual estimates,Vis.,90,2456910.0,2457000.0,2456955.0,2014.81233,0.6,0.4,0.7,0.1,177,
1836-2026 overview,AAVSO Johnson V,V,90,2457000.0,2457090.0,2457045.0,2015.0589,0.596,0.568,0.6205,0.027,111,
1836-2026 overview,AAVSO visual estimates,Vis.,90,2457000.0,2457090.0,2457045.0,2015.0589,0.6,0.465,0.7,0.1,359,
1836-2026 overview,AAVSO Johnson V,V,90,2457090.0,2457180.0,2457135.0,2015.30548,0.405,0.3765,0.4555,0.041,23,
1836-2026 overview,AAVSO visual estimates,Vis.,90,2457090.0,2457180.0,2457135.0,2015.30548,0.525,0.4,0.6,0.125,172,
1836-2026 overview,AAVSO Johnson V,V,90,2457180.0,2457270.0,2457225.0,2015.55205,0.7035,0.7032,0.7037,0.0005,2,
1836-2026 overview,AAVSO visual estimates,Vis.,90,2457180.0,2457270.0,2457225.0,2015.55205,0.55,0.4,0.7925,0.23,24,
1836-2026 overview,AAVSO Johnson V,V,90,2457270.0,2457360.0,2457315.0,2015.79863,0.702,0.6745,0.714,0.018,11,
1836-2026 overview,AAVSO visual estimates,Vis.,90,2457270.0,2457360.0,2457315.0,2015.79863,0.6,0.5,0.8,0.1,163,
1836-2026 overview,AAVSO Johnson V,V,90,2457360.0,2457450.0,2457405.0,2016.04508,0.594,0.5775,0.6085,0.015,31,
1836-2026 overview,AAVSO visual estimates,Vis.,90,2457360.0,2457450.0,2457405.0,2016.04508,0.6,0.4,0.7,0.1,366,
1836-2026 overview,AAVSO Johnson V,V,90,2457450.0,2457540.0,2457495.0,2016.29098,0.456,0.285,0.4795,0.057,7,
1836-2026 overview,AAVSO visual estimates,Vis.,90,2457450.0,2457540.0,2457495.0,2016.29098,0.5,0.3,0.6,0.145,204,
1836-2026 overview,AAVSO visual estimates,Vis.,90,2457540.0,2457630.0,2457585.0,2016.53689,0.41,0.3,0.485,0.11,22,
1836-2026 overview,AAVSO Johnson V,V,90,2457630.0,2457720.0,2457675.0,2016.78279,0.451,0.3895,0.504,0.06,15,
1836-2026 overview,AAVSO visual estimates,Vis.,90,2457630.0,2457720.0,2457675.0,2016.78279,0.4,0.3,0.55,0.1,217,
1836-2026 overview,AAVSO Johnson V,V,90,2457720.0,2457810.0,2457765.0,2017.02877,0.499,0.4535,0.5085,0.019,27,
1836-2026 overview,AAVSO visual estimates,Vis.,90,2457720.0,2457810.0,2457765.0,2017.02877,0.4,0.3,0.6,0.14,369,
1836-2026 overview,AAVSO Johnson V,V,90,2457810.0,2457900.0,2457855.0,2017.27534,0.296,0.2715,0.352,0.035,26,
1836-2026 overview,AAVSO visual estimates,Vis.,90,2457810.0,2457900.0,2457855.0,2017.27534,0.3,0.2,0.55,0.1,245,
1836-2026 overview,AAVSO visual estimates,Vis.,90,2457900.0,2457990.0,2457945.0,2017.52192,0.3,0.3,0.4,0.1,13,
1836-2026 overview,AAVSO Johnson V,V,90,2457990.0,2458080.0,2458035.0,2017.76849,0.692,0.598,0.722,0.077,33,
1836-2026 overview,AAVSO visual estimates,Vis.,90,2457990.0,2458080.0,2458035.0,2017.76849,0.6,0.47,0.8,0.2,167,
1836-2026 overview,AAVSO Johnson V,V,90,2458080.0,2458170.0,2458125.0,2018.01507,0.5395,0.5292,0.5673,0.0215,34,
1836-2026 overview,AAVSO visual estimates,Vis.,90,2458080.0,2458170.0,2458125.0,2018.01507,0.5,0.4,0.7,0.1,294,
1836-2026 overview,AAVSO Johnson V,V,90,2458170.0,2458260.0,2458215.0,2018.26164,0.484,0.444,0.534,0.049,27,
1836-2026 overview,AAVSO visual estimates,Vis.,90,2458170.0,2458260.0,2458215.0,2018.26164,0.5,0.4,0.6025,0.1,184,
1836-2026 overview,AAVSO visual estimates,Vis.,90,2458260.0,2458350.0,2458305.0,2018.50822,0.3,0.3,0.4,0.0,10,
1836-2026 overview,AAVSO Johnson V,V,90,2458350.0,2458440.0,2458395.0,2018.75479,0.588,0.541,0.727,0.085,53,
1836-2026 overview,AAVSO visual estimates,Vis.,90,2458350.0,2458440.0,2458395.0,2018.75479,0.5,0.4,0.7,0.175,114,
1836-2026 overview,AAVSO Johnson V,V,90,2458440.0,2458530.0,2458485.0,2019.00137,0.737,0.636,0.849,0.107,55,
1836-2026 overview,AAVSO visual estimates,Vis.,90,2458440.0,2458530.0,2458485.0,2019.00137,0.7,0.6,0.8,0.1,267,
1836-2026 overview,AAVSO Johnson V,V,90,2458530.0,2458620.0,2458575.0,2019.24795,0.378,0.357,0.468,0.029,63,
1836-2026 overview,AAVSO visual estimates,Vis.,90,2458530.0,2458620.0,2458575.0,2019.24795,0.6,0.4,0.7,0.1,276,
1836-2026 overview,AAVSO Johnson V,V,90,2458620.0,2458710.0,2458665.0,2019.49452,0.669,0.658,0.68,0.022,2,
1836-2026 overview,AAVSO visual estimates,Vis.,90,2458620.0,2458710.0,2458665.0,2019.49452,0.4,0.4,0.5,0.1,11,
1836-2026 overview,AAVSO Johnson V,V,90,2458710.0,2458800.0,2458755.0,2019.7411,0.66,0.642,0.7195,0.031,27,
1836-2026 overview,AAVSO visual estimates,Vis.,90,2458710.0,2458800.0,2458755.0,2019.7411,0.6,0.5,0.72,0.1,111,
1836-2026 overview,AAVSO Johnson V,V,90,2458800.0,2458890.0,2458845.0,2019.98767,1.546,1.439,1.623,0.085,126,
1836-2026 overview,AAVSO visual estimates,Vis.,90,2458800.0,2458890.0,2458845.0,2019.98767,1.5,1.35,1.6,0.1,1665,
1836-2026 overview,AAVSO Johnson V,V,90,2458890.0,2458980.0,2458935.0,2020.23361,1.299,0.8193,1.524,0.2705,170,
1836-2026 overview,AAVSO visual estimates,Vis.,90,2458890.0,2458980.0,2458935.0,2020.23361,1.22,0.8,1.5,0.28,2296,
1836-2026 overview,AAVSO Johnson V,V,90,2458980.0,2459070.0,2459025.0,2020.47951,0.8715,0.865,0.881,0.0105,6,
1836-2026 overview,AAVSO visual estimates,Vis.,90,2458980.0,2459070.0,2459025.0,2020.47951,0.5,0.4,0.775,0.2,62,
1836-2026 overview,AAVSO Johnson V,V,90,2459070.0,2459160.0,2459115.0,2020.72541,0.72,0.698,0.744,0.024,82,
1836-2026 overview,AAVSO visual estimates,Vis.,90,2459070.0,2459160.0,2459115.0,2020.72541,0.7,0.6,0.85,0.1,397,
1836-2026 overview,AAVSO Johnson V,V,90,2459160.0,2459250.0,2459205.0,2020.97131,0.678,0.631,0.79,0.073,51,
1836-2026 overview,AAVSO visual estimates,Vis.,90,2459160.0,2459250.0,2459205.0,2020.97131,0.7,0.6,0.8,0.1,741,
1836-2026 overview,AAVSO Johnson V,V,90,2459250.0,2459340.0,2459295.0,2021.21781,0.7175,0.6562,0.804,0.0725,136,
1836-2026 overview,AAVSO visual estimates,Vis.,90,2459250.0,2459340.0,2459295.0,2021.21781,0.7,0.6,0.77,0.1,889,
1836-2026 overview,AAVSO Johnson V,V,90,2459340.0,2459430.0,2459385.0,2021.46438,0.675,0.555,0.792,0.12,17,
1836-2026 overview,AAVSO visual estimates,Vis.,90,2459340.0,2459430.0,2459385.0,2021.46438,0.8,0.6,0.8,0.03,42,
1836-2026 overview,AAVSO Johnson V,V,90,2459430.0,2459520.0,2459475.0,2021.71096,0.538,0.5225,0.5665,0.021,91,
1836-2026 overview,AAVSO visual estimates,Vis.,90,2459430.0,2459520.0,2459475.0,2021.71096,0.5,0.4,0.6,0.1,246,
1836-2026 overview,AAVSO Johnson V,V,90,2459520.0,2459610.0,2459565.0,2021.95753,0.684,0.6385,0.6997,0.0285,94,
1836-2026 overview,AAVSO visual estimates,Vis.,90,2459520.0,2459610.0,2459565.0,2021.95753,0.65,0.55,0.7,0.05,544,
1836-2026 overview,AAVSO Johnson V,V,90,2459610.0,2459700.0,2459655.0,2022.20411,0.387,0.356,0.425,0.034,171,
1836-2026 overview,AAVSO visual estimates,Vis.,90,2459610.0,2459700.0,2459655.0,2022.20411,0.5,0.4,0.6,0.1,822,
1836-2026 overview,AAVSO Johnson V,V,90,2459700.0,2459790.0,2459745.0,2022.45068,0.5705,0.491,0.6092,0.057,20,
1836-2026 overview,AAVSO visual estimates,Vis.,90,2459700.0,2459790.0,2459745.0,2022.45068,0.38,0.275,0.4625,0.1,40,
1836-2026 overview,AAVSO Johnson V,V,90,2459790.0,2459880.0,2459835.0,2022.69726,0.421,0.396,0.437,0.02,57,
1836-2026 overview,AAVSO visual estimates,Vis.,90,2459790.0,2459880.0,2459835.0,2022.69726,0.4,0.325,0.5,0.1,203,
1836-2026 overview,AAVSO Johnson V,V,90,2459880.0,2459970.0,2459925.0,2022.94384,0.315,0.292,0.4223,0.032,32,
1836-2026 overview,AAVSO visual estimates,Vis.,90,2459880.0,2459970.0,2459925.0,2022.94384,0.3,0.25,0.4,0.1,414,
1836-2026 overview,AAVSO Johnson V,V,90,2459970.0,2460060.0,2460015.0,2023.19041,0.3815,0.2303,0.4825,0.115,52,
1836-2026 overview,AAVSO visual estimates,Vis.,90,2459970.0,2460060.0,2460015.0,2023.19041,0.4,0.3,0.5,0.1,697,
1836-2026 overview,AAVSO Johnson V,V,90,2460060.0,2460150.0,2460105.0,2023.43699,0.387,0.3247,0.4485,0.0645,20,
1836-2026 overview,AAVSO visual estimates,Vis.,90,2460060.0,2460150.0,2460105.0,2023.43699,0.15,0.09,0.26,0.06,79,
1836-2026 overview,AAVSO Johnson V,V,90,2460150.0,2460240.0,2460195.0,2023.68356,0.475,0.4657,0.4878,0.011,42,
1836-2026 overview,AAVSO visual estimates,Vis.,90,2460150.0,2460240.0,2460195.0,2023.68356,0.4,0.3,0.5,0.1,337,
1836-2026 overview,AAVSO Johnson V,V,90,2460240.0,2460330.0,2460285.0,2023.93014,0.46,0.4295,0.485,0.029,43,
1836-2026 overview,AAVSO visual estimates,Vis.,90,2460240.0,2460330.0,2460285.0,2023.93014,0.4,0.3,0.51,0.1,561,
1836-2026 overview,AAVSO Johnson V,V,90,2460330.0,2460420.0,2460375.0,2024.17623,0.684,0.5695,0.739,0.067,71,
1836-2026 overview,AAVSO visual estimates,Vis.,90,2460330.0,2460420.0,2460375.0,2024.17623,0.6,0.5,0.7,0.1,779,
1836-2026 overview,AAVSO Johnson V,V,90,2460420.0,2460510.0,2460465.0,2024.42213,0.576,0.5072,0.6328,0.0655,16,
1836-2026 overview,AAVSO visual estimates,Vis.,90,2460420.0,2460510.0,2460465.0,2024.42213,0.6,0.5,0.7,0.1,72,
1836-2026 overview,AAVSO Johnson V,V,90,2460510.0,2460600.0,2460555.0,2024.66803,0.82,0.788,0.858,0.036,37,
1836-2026 overview,AAVSO visual estimates,Vis.,90,2460510.0,2460600.0,2460555.0,2024.66803,0.7,0.6,0.8,0.1,181,
1836-2026 overview,AAVSO Johnson V,V,90,2460600.0,2460690.0,2460645.0,2024.91393,0.574,0.5245,0.6138,0.0485,34,
1836-2026 overview,AAVSO visual estimates,Vis.,90,2460600.0,2460690.0,2460645.0,2024.91393,0.6,0.5,0.65,0.1,392,
1836-2026 overview,AAVSO Johnson V,V,90,2460690.0,2460780.0,2460735.0,2025.16027,0.648,0.555,0.729,0.0865,76,
1836-2026 overview,AAVSO visual estimates,Vis.,90,2460690.0,2460780.0,2460735.0,2025.16027,0.6,0.5,0.7,0.1,764,
1836-2026 overview,AAVSO Johnson V,V,90,2460780.0,2460870.0,2460825.0,2025.40685,0.639,0.612,0.6935,0.039,18,
1836-2026 overview,AAVSO visual estimates,Vis.,90,2460780.0,2460870.0,2460825.0,2025.40685,0.7,0.7,0.755,0.05,123,
1836-2026 overview,AAVSO Johnson V,V,90,2460870.0,2460960.0,2460915.0,2025.65342,0.638,0.5842,0.675,0.041,42,
1836-2026 overview,AAVSO visual estimates,Vis.,90,2460870.0,2460960.0,2460915.0,2025.65342,0.5,0.46,0.5,0.02,177,
1836-2026 overview,AAVSO Johnson V,V,90,2460960.0,2461050.0,2461005.0,2025.9,0.552,0.5048,0.6012,0.048,40,
1836-2026 overview,AAVSO visual estimates,Vis.,90,2460960.0,2461050.0,2461005.0,2025.9,0.5,0.4,0.6,0.1,370,
1836-2026 overview,AAVSO Johnson V,V,90,2461050.0,2461140.0,2461095.0,2026.14658,0.559,0.519,0.5945,0.0375,50,
1836-2026 overview,AAVSO visual estimates,Vis.,90,2461050.0,2461140.0,2461095.0,2026.14658,0.5,0.4,0.6,0.1,665,
1836-2026 overview,AAVSO Johnson V,V,90,2461140.0,2461230.0,2461185.0,2026.39315,0.66,0.636,0.6775,0.018,12,
1836-2026 overview,AAVSO visual estimates,Vis.,90,2461140.0,2461230.0,2461185.0,2026.39315,0.6,0.5,0.65,0.1,84,
1836-2026 overview,AAVSO Johnson V,V,90,2461230.0,2461300.0,2461275.0,2026.63973,0.5365,0.5325,0.5477,0.008,8,
1836-2026 overview,AAVSO visual estimates,Vis.,90,2461230.0,2461300.0,2461275.0,2026.63973,0.4,0.4,0.5,0.0,45,
2010-2026 detail,AAVSO Johnson V,V,30,2455197.5,2455227.5,2455212.5,2010.0411,0.42,0.42,0.42,0.0,1,
2010-2026 detail,AAVSO visual estimates,Vis.,30,2455197.5,2455227.5,2455212.5,2010.0411,0.5,0.3,0.6,0.2,113,
2010-2026 detail,AAVSO Johnson V,V,30,2455227.5,2455257.5,2455242.5,2010.12329,0.549,0.549,0.549,0.0,1,
2010-2026 detail,AAVSO visual estimates,Vis.,30,2455227.5,2455257.5,2455242.5,2010.12329,0.5,0.4,0.675,0.1,163,
2010-2026 detail,AAVSO Johnson V,V,30,2455257.5,2455287.5,2455272.5,2010.20548,0.462,0.4445,0.4892,0.018,4,
2010-2026 detail,AAVSO visual estimates,Vis.,30,2455257.5,2455287.5,2455272.5,2010.20548,0.5,0.4,0.6,0.1,200,
2010-2026 detail,AAVSO Johnson V,V,30,2455287.5,2455317.5,2455302.5,2010.28767,0.372,0.365,0.387,0.014,3,
2010-2026 detail,AAVSO visual estimates,Vis.,30,2455287.5,2455317.5,2455302.5,2010.28767,0.45,0.4,0.6,0.1,87,
2010-2026 detail,AAVSO visual estimates,Vis.,30,2455317.5,2455347.5,2455332.5,2010.36986,0.6,0.6,0.9,0.3,5,
2010-2026 detail,AAVSO visual estimates,Vis.,30,2455407.5,2455437.5,2455422.5,2010.61644,0.6,0.45,0.75,0.2,7,
2010-2026 detail,AAVSO visual estimates,Vis.,30,2455437.5,2455467.5,2455452.5,2010.69863,0.6,0.3,0.7,0.2,29,
2010-2026 detail,AAVSO Johnson V,V,30,2455467.5,2455497.5,2455482.5,2010.78082,0.2215,0.2027,0.2403,0.0375,2,
2010-2026 detail,AAVSO visual estimates,Vis.,30,2455467.5,2455497.5,2455482.5,2010.78082,0.5,0.2,0.6,0.2,62,
2010-2026 detail,AAVSO visual estimates,Vis.,30,2455497.5,2455527.5,2455512.5,2010.86301,0.3,0.1,0.4,0.2,89,
2010-2026 detail,AAVSO visual estimates,Vis.,30,2455527.5,2455557.5,2455542.5,2010.94521,0.4,0.2,0.6,0.2,78,
2010-2026 detail,AAVSO visual estimates,Vis.,30,2455557.5,2455587.5,2455572.5,2011.0274,0.5,0.3,0.6,0.2,123,
2010-2026 detail,AAVSO visual estimates,Vis.,30,2455587.5,2455617.5,2455602.5,2011.10959,0.5,0.4,0.7,0.1,134,
2010-2026 detail,AAVSO visual estimates,Vis.,30,2455617.5,2455647.5,2455632.5,2011.19178,0.6,0.4,0.7,0.11,138,
2010-2026 detail,AAVSO Johnson V,V,30,2455647.5,2455677.5,2455662.5,2011.27397,0.534,0.5205,0.5475,0.027,2,
2010-2026 detail,AAVSO visual estimates,Vis.,30,2455647.5,2455677.5,2455662.5,2011.27397,0.6,0.5,0.7,0.1,76,
2010-2026 detail,AAVSO visual estimates,Vis.,30,2455677.5,2455707.5,2455692.5,2011.35616,0.9,0.8,1.15,0.2,3,
2010-2026 detail,AAVSO visual estimates,Vis.,30,2455737.5,2455767.5,2455752.5,2011.52055,0.5,0.5,0.5,0.0,1,
2010-2026 detail,AAVSO visual estimates,Vis.,30,2455767.5,2455797.5,2455782.5,2011.60274,0.55,0.5,0.6,0.05,8,
2010-2026 detail,AAVSO visual estimates,Vis.,30,2455797.5,2455827.5,2455812.5,2011.68493,0.65,0.475,0.725,0.15,28,
2010-2026 detail,AAVSO visual estimates,Vis.,30,2455827.5,2455857.5,2455842.5,2011.76712,0.7,0.5,0.8,0.15,60,
2010-2026 detail,AAVSO Johnson V,V,30,2455857.5,2455887.5,2455872.5,2011.84932,0.5215,0.5042,0.5388,0.0345,2,
2010-2026 detail,AAVSO visual estimates,Vis.,30,2455857.5,2455887.5,2455872.5,2011.84932,0.6,0.4,0.7,0.2,59,
2010-2026 detail,AAVSO Johnson V,V,30,2455887.5,2455917.5,2455902.5,2011.93151,0.449,0.449,0.449,0.0,1,
2010-2026 detail,AAVSO visual estimates,Vis.,30,2455887.5,2455917.5,2455902.5,2011.93151,0.6,0.4,0.8,0.2,105,
2010-2026 detail,AAVSO Johnson V,V,30,2455917.5,2455947.5,2455932.5,2012.01366,0.396,0.387,0.4075,0.018,3,
2010-2026 detail,AAVSO visual estimates,Vis.,30,2455917.5,2455947.5,2455932.5,2012.01366,0.4,0.23,0.6,0.185,140,
2010-2026 detail,AAVSO Johnson V,V,30,2455947.5,2455977.5,2455962.5,2012.09563,0.424,0.424,0.439,0.0,3,
2010-2026 detail,AAVSO visual estimates,Vis.,30,2455947.5,2455977.5,2455962.5,2012.09563,0.4,0.2,0.6,0.2,168,
2010-2026 detail,AAVSO Johnson V,V,30,2455977.5,2456007.5,2455992.5,2012.1776,0.482,0.419,0.496,0.023,7,
2010-2026 detail,AAVSO visual estimates,Vis.,30,2455977.5,2456007.5,2455992.5,2012.1776,0.5,0.3,0.6,0.1,183,
2010-2026 detail,AAVSO Johnson V,V,30,2456007.5,2456037.5,2456022.5,2012.25956,0.546,0.546,0.546,0.0,1,
2010-2026 detail,AAVSO visual estimates,Vis.,30,2456007.5,2456037.5,2456022.5,2012.25956,0.6,0.5,0.6,0.1,123,
2010-2026 detail,AAVSO visual estimates,Vis.,30,2456037.5,2456067.5,2456052.5,2012.34153,0.6,0.5,0.8,0.2,18,
2010-2026 detail,AAVSO visual estimates,Vis.,30,2456127.5,2456157.5,2456142.5,2012.58743,0.6,0.6,0.6,0.0,5,
2010-2026 detail,AAVSO visual estimates,Vis.,30,2456157.5,2456187.5,2456172.5,2012.6694,0.5,0.4,0.625,0.1,24,
2010-2026 detail,AAVSO visual estimates,Vis.,30,2456187.5,2456217.5,2456202.5,2012.75137,0.5,0.3,0.7,0.2,40,
2010-2026 detail,AAVSO Johnson V,V,30,2456217.5,2456247.5,2456232.5,2012.83333,0.486,0.486,0.486,0.0,1,
2010-2026 detail,AAVSO visual estimates,Vis.,30,2456217.5,2456247.5,2456232.5,2012.83333,0.5,0.4,0.7,0.2,47,
2010-2026 detail,AAVSO visual estimates,Vis.,30,2456247.5,2456277.5,2456262.5,2012.9153,0.6,0.425,0.7,0.1,58,
2010-2026 detail,AAVSO Johnson V,V,30,2456277.5,2456307.5,2456292.5,2012.99727,0.619,0.595,0.6385,0.026,6,
2010-2026 detail,AAVSO visual estimates,Vis.,30,2456277.5,2456307.5,2456292.5,2012.99727,0.5,0.4,0.7,0.1,53,
2010-2026 detail,AAVSO Johnson V,V,30,2456307.5,2456337.5,2456322.5,2013.07945,0.4725,0.449,0.4915,0.0275,8,
2010-2026 detail,AAVSO visual estimates,Vis.,30,2456307.5,2456337.5,2456322.5,2013.07945,0.525,0.4,0.7,0.175,104,
2010-2026 detail,AAVSO Johnson V,V,30,2456337.5,2456367.5,2456352.5,2013.16164,0.4345,0.4088,0.4483,0.0225,16,
2010-2026 detail,AAVSO visual estimates,Vis.,30,2456337.5,2456367.5,2456352.5,2013.16164,0.4,0.3,0.6,0.2,108,
2010-2026 detail,AAVSO Johnson V,V,30,2456367.5,2456397.5,2456382.5,2013.24384,0.484,0.431,0.568,0.076,9,
2010-2026 detail,AAVSO visual estimates,Vis.,30,2456367.5,2456397.5,2456382.5,2013.24384,0.5,0.3,0.675,0.2,54,
2010-2026 detail,AAVSO Johnson V,V,30,2456397.5,2456427.5,2456412.5,2013.32603,0.558,0.5505,0.58,0.015,3,
2010-2026 detail,AAVSO visual estimates,Vis.,30,2456397.5,2456427.5,2456412.5,2013.32603,0.55,0.375,0.8,0.25,16,
2010-2026 detail,AAVSO visual estimates,Vis.,30,2456487.5,2456517.5,2456502.5,2013.5726,0.5,0.4,0.75,0.2,3,
2010-2026 detail,AAVSO Johnson V,V,30,2456517.5,2456547.5,2456532.5,2013.65479,0.578,0.578,0.578,0.0,1,
2010-2026 detail,AAVSO visual estimates,Vis.,30,2456517.5,2456547.5,2456532.5,2013.65479,0.5,0.45,0.8,0.2,23,
2010-2026 detail,AAVSO Johnson V,V,30,2456547.5,2456577.5,2456562.5,2013.73699,0.5775,0.576,0.5852,0.004,10,
2010-2026 detail,AAVSO visual estimates,Vis.,30,2456547.5,2456577.5,2456562.5,2013.73699,0.5,0.5,0.7,0.1,39,
2010-2026 detail,AAVSO Johnson V,V,30,2456577.5,2456607.5,2456592.5,2013.81918,0.564,0.5595,0.5755,0.009,7,
2010-2026 detail,AAVSO visual estimates,Vis.,30,2456577.5,2456607.5,2456592.5,2013.81918,0.575,0.4,0.7,0.15,52,
2010-2026 detail,AAVSO Johnson V,V,30,2456607.5,2456637.5,2456622.5,2013.90137,0.565,0.552,0.5737,0.0125,8,
2010-2026 detail,AAVSO visual estimates,Vis.,30,2456607.5,2456637.5,2456622.5,2013.90137,0.6,0.5,0.7,0.1,67,
2010-2026 detail,AAVSO Johnson V,V,30,2456637.5,2456667.5,2456652.5,2013.98356,0.545,0.545,0.555,0.01,5,
2010-2026 detail,AAVSO visual estimates,Vis.,30,2456637.5,2456667.5,2456652.5,2013.98356,0.5,0.4,0.6,0.1,101,
2010-2026 detail,AAVSO Johnson V,V,30,2456667.5,2456697.5,2456682.5,2014.06575,0.5,0.49,0.527,0.027,5,
2010-2026 detail,AAVSO visual estimates,Vis.,30,2456667.5,2456697.5,2456682.5,2014.06575,0.5,0.3,0.6,0.16,114,
2010-2026 detail,AAVSO Johnson V,V,30,2456697.5,2456727.5,2456712.5,2014.14795,0.411,0.373,0.443,0.037,13,
2010-2026 detail,AAVSO visual estimates,Vis.,30,2456697.5,2456727.5,2456712.5,2014.14795,0.5,0.4,0.65,0.1,151,
2010-2026 detail,AAVSO Johnson V,V,30,2456727.5,2456757.5,2456742.5,2014.23014,0.358,0.347,0.386,0.022,19,
2010-2026 detail,AAVSO visual estimates,Vis.,30,2456727.5,2456757.5,2456742.5,2014.23014,0.4,0.35,0.5,0.1,121,
2010-2026 detail,AAVSO Johnson V,V,30,2456757.5,2456787.5,2456772.5,2014.31233,0.401,0.3925,0.4095,0.017,2,
2010-2026 detail,AAVSO visual estimates,Vis.,30,2456757.5,2456787.5,2456772.5,2014.31233,0.4,0.38,0.6,0.05,41,
2010-2026 detail,AAVSO visual estimates,Vis.,30,2456787.5,2456817.5,2456802.5,2014.39452,0.6,0.6,0.6,0.0,1,
2010-2026 detail,AAVSO visual estimates,Vis.,30,2456847.5,2456877.5,2456862.5,2014.5589,0.4,0.3,0.8,0.1,5,
2010-2026 detail,AAVSO Johnson V,V,30,2456877.5,2456907.5,2456892.5,2014.6411,0.547,0.542,0.5775,0.01,3,
2010-2026 detail,AAVSO visual estimates,Vis.,30,2456877.5,2456907.5,2456892.5,2014.6411,0.4,0.3,0.6,0.2,26,
2010-2026 detail,AAVSO Johnson V,V,30,2456907.5,2456937.5,2456922.5,2014.72329,0.547,0.538,0.55,0.009,9,
2010-2026 detail,AAVSO visual estimates,Vis.,30,2456907.5,2456937.5,2456922.5,2014.72329,0.5,0.375,0.6,0.1,48,
2010-2026 detail,AAVSO Johnson V,V,30,2456937.5,2456967.5,2456952.5,2014.80548,0.532,0.5305,0.5755,0.004,7,
2010-2026 detail,AAVSO visual estimates,Vis.,30,2456937.5,2456967.5,2456952.5,2014.80548,0.6,0.4,0.6,0.1,56,
2010-2026 detail,AAVSO Johnson V,V,30,2456967.5,2456997.5,2456982.5,2014.88767,0.557,0.5545,0.561,0.005,3,
2010-2026 detail,AAVSO visual estimates,Vis.,30,2456967.5,2456997.5,2456982.5,2014.88767,0.65,0.5,0.7,0.05,74,
2010-2026 detail,AAVSO Johnson V,V,30,2456997.5,2457027.5,2457012.5,2014.96986,0.634,0.6195,0.647,0.015,27,
2010-2026 detail,AAVSO visual estimates,Vis.,30,2456997.5,2457027.5,2457012.5,2014.96986,0.65,0.57,0.8,0.15,92,
2010-2026 detail,AAVSO Johnson V,V,30,2457027.5,2457057.5,2457042.5,2015.05205,0.599,0.5922,0.6188,0.016,46,
2010-2026 detail,AAVSO visual estimates,Vis.,30,2457027.5,2457057.5,2457042.5,2015.05205,0.6,0.5,0.6575,0.1,110,
2010-2026 detail,AAVSO Johnson V,V,30,2457057.5,2457087.5,2457072.5,2015.13425,0.5605,0.543,0.5717,0.016,34,
2010-2026 detail,AAVSO visual estimates,Vis.,30,2457057.5,2457087.5,2457072.5,2015.13425,0.505,0.4,0.7,0.105,146,
2010-2026 detail,AAVSO Johnson V,V,30,2457087.5,2457117.5,2457102.5,2015.21644,0.455,0.3965,0.4792,0.044,20,
2010-2026 detail,AAVSO visual estimates,Vis.,30,2457087.5,2457117.5,2457102.5,2015.21644,0.55,0.4,0.7,0.15,113,
2010-2026 detail,AAVSO Johnson V,V,30,2457117.5,2457147.5,2457132.5,2015.29863,0.389,0.3765,0.399,0.015,7,
2010-2026 detail,AAVSO visual estimates,Vis.,30,2457117.5,2457147.5,2457132.5,2015.29863,0.5,0.36,0.6,0.1,71,
2010-2026 detail,AAVSO visual estimates,Vis.,30,2457147.5,2457177.5,2457162.5,2015.38082,0.42,0.405,0.435,0.03,2,
2010-2026 detail,AAVSO visual estimates,Vis.,30,2457207.5,2457237.5,2457222.5,2015.54521,0.4,0.3,0.4,0.1,7,
2010-2026 detail,AAVSO Johnson V,V,30,2457237.5,2457267.5,2457252.5,2015.6274,0.7035,0.7032,0.7037,0.0005,2,
2010-2026 detail,AAVSO visual estimates,Vis.,30,2457237.5,2457267.5,2457252.5,2015.6274,0.74,0.5,0.8,0.16,17,
2010-2026 detail,AAVSO Johnson V,V,30,2457267.5,2457297.5,2457282.5,2015.70959,0.718,0.704,0.72,0.014,5,
2010-2026 detail,AAVSO visual estimates,Vis.,30,2457267.5,2457297.5,2457282.5,2015.70959,0.6,0.5,0.9,0.2,49,
2010-2026 detail,AAVSO Johnson V,V,30,2457297.5,2457327.5,2457312.5,2015.79178,0.71,0.71,0.71,0.0,1,
2010-2026 detail,AAVSO visual estimates,Vis.,30,2457297.5,2457327.5,2457312.5,2015.79178,0.7,0.6,0.8,0.1,44,
2010-2026 detail,AAVSO Johnson V,V,30,2457327.5,2457357.5,2457342.5,2015.87397,0.669,0.65,0.68,0.019,5,
2010-2026 detail,AAVSO visual estimates,Vis.,30,2457327.5,2457357.5,2457342.5,2015.87397,0.6,0.4,0.7,0.1,63,
2010-2026 detail,AAVSO Johnson V,V,30,2457357.5,2457387.5,2457372.5,2015.95616,0.6015,0.5955,0.6062,0.0065,8,
2010-2026 detail,AAVSO visual estimates,Vis.,30,2457357.5,2457387.5,2457372.5,2015.95616,0.5,0.35,0.7,0.2,89,
2010-2026 detail,AAVSO Johnson V,V,30,2457387.5,2457417.5,2457402.5,2016.03825,0.587,0.575,0.5985,0.015,12,
2010-2026 detail,AAVSO visual estimates,Vis.,30,2457387.5,2457417.5,2457402.5,2016.03825,0.6,0.4,0.65,0.1,133,
2010-2026 detail,AAVSO Johnson V,V,30,2457417.5,2457447.5,2457432.5,2016.12022,0.598,0.4843,0.614,0.034,10,
2010-2026 detail,AAVSO visual estimates,Vis.,30,2457417.5,2457447.5,2457432.5,2016.12022,0.6,0.4,0.65,0.1,139,
2010-2026 detail,AAVSO Johnson V,V,30,2457447.5,2457477.5,2457462.5,2016.20219,0.476,0.373,0.4865,0.02,7,
2010-2026 detail,AAVSO visual estimates,Vis.,30,2457447.5,2457477.5,2457462.5,2016.20219,0.5,0.345,0.6,0.12,147,
2010-2026 detail,AAVSO Johnson V,V,30,2457477.5,2457507.5,2457492.5,2016.28415,0.28,0.28,0.28,0.0,1,
2010-2026 detail,AAVSO visual estimates,Vis.,30,2457477.5,2457507.5,2457492.5,2016.28415,0.4,0.3,0.6,0.1,65,
2010-2026 detail,AAVSO visual estimates,Vis.,30,2457507.5,2457537.5,2457522.5,2016.36612,0.5,0.475,0.5,0.0,4,
2010-2026 detail,AAVSO visual estimates,Vis.,30,2457567.5,2457597.5,2457582.5,2016.53005,0.3,0.3,0.3,0.0,2,
2010-2026 detail,AAVSO visual estimates,Vis.,30,2457597.5,2457627.5,2457612.5,2016.61202,0.41,0.3,0.425,0.1,16,
2010-2026 detail,AAVSO Johnson V,V,30,2457627.5,2457657.5,2457642.5,2016.69399,0.3755,0.363,0.3947,0.0145,4,
2010-2026 detail,AAVSO visual estimates,Vis.,30,2457627.5,2457657.5,2457642.5,2016.69399,0.4,0.3,0.6,0.15,64,
2010-2026 detail,AAVSO Johnson V,V,30,2457657.5,2457687.5,2457672.5,2016.77596,0.421,0.3902,0.451,0.03,4,
2010-2026 detail,AAVSO visual estimates,Vis.,30,2457657.5,2457687.5,2457672.5,2016.77596,0.3,0.2475,0.4,0.1,72,
2010-2026 detail,AAVSO Johnson V,V,30,2457687.5,2457717.5,2457702.5,2016.85792,0.509,0.498,0.5165,0.01,7,
2010-2026 detail,AAVSO visual estimates,Vis.,30,2457687.5,2457717.5,2457702.5,2016.85792,0.42,0.3,0.6,0.12,77,
2010-2026 detail,AAVSO Johnson V,V,30,2457717.5,2457747.5,2457732.5,2016.93989,0.507,0.49,0.5255,0.025,7,
2010-2026 detail,AAVSO visual estimates,Vis.,30,2457717.5,2457747.5,2457732.5,2016.93989,0.4,0.3,0.6,0.13,105,
2010-2026 detail,AAVSO Johnson V,V,30,2457747.5,2457777.5,2457762.5,2017.02192,0.4995,0.4898,0.5028,0.0075,12,
2010-2026 detail,AAVSO visual estimates,Vis.,30,2457747.5,2457777.5,2457762.5,2017.02192,0.405,0.3,0.6,0.14,136,
2010-2026 detail,AAVSO Johnson V,V,30,2457777.5,2457807.5,2457792.5,2017.10411,0.437,0.4255,0.4565,0.018,8,
2010-2026 detail,AAVSO visual estimates,Vis.,30,2457777.5,2457807.5,2457792.5,2017.10411,0.4,0.3,0.5625,0.115,124,
2010-2026 detail,AAVSO Johnson V,V,30,2457807.5,2457837.5,2457822.5,2017.1863,0.361,0.3005,0.3905,0.034,11,
2010-2026 detail,AAVSO visual estimates,Vis.,30,2457807.5,2457837.5,2457822.5,2017.1863,0.3,0.2,0.6,0.1,137,
2010-2026 detail,AAVSO Johnson V,V,30,2457837.5,2457867.5,2457852.5,2017.26849,0.278,0.267,0.3195,0.033,14,
2010-2026 detail,AAVSO visual estimates,Vis.,30,2457837.5,2457867.5,2457852.5,2017.26849,0.4,0.21,0.6,0.2,99,
2010-2026 detail,AAVSO Johnson V,V,30,2457867.5,2457897.5,2457882.5,2017.35068,0.102,0.102,0.102,0.0,1,
2010-2026 detail,AAVSO visual estimates,Vis.,30,2457867.5,2457897.5,2457882.5,2017.35068,0.3,0.21,0.4,0.1,21,
2010-2026 detail,AAVSO visual estimates,Vis.,30,2457927.5,2457957.5,2457942.5,2017.51507,0.5,0.5,0.5,0.0,1,
2010-2026 detail,AAVSO visual estimates,Vis.,30,2457957.5,2457987.5,2457972.5,2017.59726,0.3,0.215,0.4,0.1,11,
2010-2026 detail,AAVSO Johnson V,V,30,2457987.5,2458017.5,2458002.5,2017.67945,0.593,0.5365,0.6075,0.021,11,
2010-2026 detail,AAVSO visual estimates,Vis.,30,2457987.5,2458017.5,2458002.5,2017.67945,0.525,0.375,0.7,0.175,24,
2010-2026 detail,AAVSO Johnson V,V,30,2458017.5,2458047.5,2458032.5,2017.76164,0.701,0.6815,0.7222,0.0215,8,
2010-2026 detail,AAVSO visual estimates,Vis.,30,2458017.5,2458047.5,2458032.5,2017.76164,0.57,0.4,0.8,0.17,57,
2010-2026 detail,AAVSO Johnson V,V,30,2458047.5,2458077.5,2458062.5,2017.84384,0.725,0.706,0.771,0.026,12,
2010-2026 detail,AAVSO visual estimates,Vis.,30,2458047.5,2458077.5,2458062.5,2017.84384,0.7,0.5225,0.8,0.1,82,
2010-2026 detail,AAVSO Johnson V,V,30,2458077.5,2458107.5,2458092.5,2017.92603,0.636,0.562,0.646,0.025,9,
2010-2026 detail,AAVSO visual estimates,Vis.,30,2458077.5,2458107.5,2458092.5,2017.92603,0.6,0.45,0.7,0.1,85,
2010-2026 detail,AAVSO Johnson V,V,30,2458107.5,2458137.5,2458122.5,2018.00822,0.559,0.5368,0.5615,0.011,14,
2010-2026 detail,AAVSO visual estimates,Vis.,30,2458107.5,2458137.5,2458122.5,2018.00822,0.5,0.4,0.675,0.135,106,
2010-2026 detail,AAVSO Johnson V,V,30,2458137.5,2458167.5,2458152.5,2018.09041,0.528,0.514,0.534,0.01,13,
2010-2026 detail,AAVSO visual estimates,Vis.,30,2458137.5,2458167.5,2458152.5,2018.09041,0.5,0.4,0.6,0.1,103,
2010-2026 detail,AAVSO Johnson V,V,30,2458167.5,2458197.5,2458182.5,2018.1726,0.531,0.4982,0.5413,0.0165,12,
2010-2026 detail,AAVSO visual estimates,Vis.,30,2458167.5,2458197.5,2458182.5,2018.1726,0.5,0.4,0.6,0.1,107,
2010-2026 detail,AAVSO Johnson V,V,30,2458197.5,2458227.5,2458212.5,2018.25479,0.445,0.425,0.4685,0.023,15,
2010-2026 detail,AAVSO visual estimates,Vis.,30,2458197.5,2458227.5,2458212.5,2018.25479,0.5,0.4,0.6,0.1,65,
2010-2026 detail,AAVSO visual estimates,Vis.,30,2458227.5,2458257.5,2458242.5,2018.33699,0.51,0.4,0.6,0.11,17,
2010-2026 detail,AAVSO visual estimates,Vis.,30,2458287.5,2458317.5,2458302.5,2018.50137,0.3,0.3,0.3,0.0,2,
2010-2026 detail,AAVSO visual estimates,Vis.,30,2458317.5,2458347.5,2458332.5,2018.58356,0.35,0.3,0.4,0.05,8,
2010-2026 detail,AAVSO Johnson V,V,30,2458347.5,2458377.5,2458362.5,2018.66575,0.488,0.476,0.5505,0.019,10,
2010-2026 detail,AAVSO visual estimates,Vis.,30,2458347.5,2458377.5,2458362.5,2018.66575,0.4,0.2875,0.5,0.1,20,
2010-2026 detail,AAVSO Johnson V,V,30,2458377.5,2458407.5,2458392.5,2018.74795,0.563,0.518,0.5857,0.032,22,
2010-2026 detail,AAVSO visual estimates,Vis.,30,2458377.5,2458407.5,2458392.5,2018.74795,0.5,0.325,0.6,0.1,46,
2010-2026 detail,AAVSO Johnson V,V,30,2458407.5,2458437.5,2458422.5,2018.83014,0.729,0.647,0.764,0.043,17,
2010-2026 detail,AAVSO visual estimates,Vis.,30,2458407.5,2458437.5,2458422.5,2018.83014,0.7,0.5,0.7,0.1,41,
2010-2026 detail,AAVSO Johnson V,V,30,2458437.5,2458467.5,2458452.5,2018.91233,0.841,0.8195,0.886,0.036,15,
2010-2026 detail,AAVSO visual estimates,Vis.,30,2458437.5,2458467.5,2458452.5,2018.91233,0.7,0.525,0.8,0.15,50,
2010-2026 detail,AAVSO Johnson V,V,30,2458467.5,2458497.5,2458482.5,2018.99452,0.919,0.871,0.936,0.025,9,
2010-2026 detail,AAVSO visual estimates,Vis.,30,2458467.5,2458497.5,2458482.5,2018.99452,0.8,0.63,0.85,0.1,84,
2010-2026 detail,AAVSO Johnson V,V,30,2458497.5,2458527.5,2458512.5,2019.07671,0.672,0.619,0.724,0.053,33,
2010-2026 detail,AAVSO visual estimates,Vis.,30,2458497.5,2458527.5,2458512.5,2019.07671,0.7,0.6,0.8,0.1,129,
2010-2026 detail,AAVSO Johnson V,V,30,2458527.5,2458557.5,2458542.5,2019.1589,0.482,0.384,0.5305,0.0625,32,
2010-2026 detail,AAVSO visual estimates,Vis.,30,2458527.5,2458557.5,2458542.5,2019.1589,0.6,0.4,0.7,0.1,171,
2010-2026 detail,AAVSO Johnson V,V,30,2458557.5,2458587.5,2458572.5,2019.2411,0.365,0.352,0.38,0.015,29,
2010-2026 detail,AAVSO visual estimates,Vis.,30,2458557.5,2458587.5,2458572.5,2019.2411,0.55,0.4,0.6,0.1,93,
2010-2026 detail,AAVSO Johnson V,V,30,2458587.5,2458617.5,2458602.5,2019.32329,0.342,0.3277,0.3562,0.0165,4,
2010-2026 detail,AAVSO visual estimates,Vis.,30,2458587.5,2458617.5,2458602.5,2019.32329,0.5,0.4,0.6,0.1,23,
2010-2026 detail,AAVSO visual estimates,Vis.,30,2458647.5,2458677.5,2458662.5,2019.48767,0.4,0.4,0.4,0.0,1,
2010-2026 detail,AAVSO visual estimates,Vis.,30,2458677.5,2458707.5,2458692.5,2019.56986,0.4,0.4,0.5,0.1,9,
2010-2026 detail,AAVSO Johnson V,V,30,2458707.5,2458737.5,2458722.5,2019.65205,0.6335,0.6188,0.644,0.013,8,
2010-2026 detail,AAVSO visual estimates,Vis.,30,2458707.5,2458737.5,2458722.5,2019.65205,0.4,0.4,0.8,0.2,21,
2010-2026 detail,AAVSO Johnson V,V,30,2458737.5,2458767.5,2458752.5,2019.73425,0.645,0.634,0.647,0.011,5,
2010-2026 detail,AAVSO visual estimates,Vis.,30,2458737.5,2458767.5,2458752.5,2019.73425,0.6,0.5,0.6,0.1,45,
2010-2026 detail,AAVSO Johnson V,V,30,2458767.5,2458797.5,2458782.5,2019.81644,0.6925,0.67,0.7592,0.0375,14,
2010-2026 detail,AAVSO visual estimates,Vis.,30,2458767.5,2458797.5,2458782.5,2019.81644,0.7,0.5,0.8,0.2,41,
2010-2026 detail,AAVSO Johnson V,V,30,2458797.5,2458827.5,2458812.5,2019.89863,0.951,0.927,1.045,0.086,11,
2010-2026 detail,AAVSO visual estimates,Vis.,30,2458797.5,2458827.5,2458812.5,2019.89863,1.0,0.7,1.1,0.2,84,
2010-2026 detail,AAVSO Johnson V,V,30,2458827.5,2458857.5,2458842.5,2019.98082,1.389,1.3368,1.4318,0.05,26,
2010-2026 detail,AAVSO visual estimates,Vis.,30,2458827.5,2458857.5,2458842.5,2019.98082,1.38,1.23,1.4,0.08,528,
2010-2026 detail,AAVSO Johnson V,V,30,2458857.5,2458887.5,2458872.5,2020.06284,1.583,1.521,1.6295,0.05,83,
2010-2026 detail,AAVSO visual estimates,Vis.,30,2458857.5,2458887.5,2458872.5,2020.06284,1.5,1.4,1.6,0.1,986,
2010-2026 detail,AAVSO Johnson V,V,30,2458887.5,2458917.5,2458902.5,2020.14481,1.537,1.4665,1.614,0.078,91,
2010-2026 detail,AAVSO visual estimates,Vis.,30,2458887.5,2458917.5,2458902.5,2020.14481,1.5,1.4,1.6,0.1,1031,
2010-2026 detail,AAVSO Johnson V,V,30,2458917.5,2458947.5,2458932.5,2020.22678,1.004,0.7745,1.193,0.2,63,
2010-2026 detail,AAVSO visual estimates,Vis.,30,2458917.5,2458947.5,2458932.5,2020.22678,1.1,0.9,1.2175,0.2,922,
2010-2026 detail,AAVSO Johnson V,V,30,2458947.5,2458977.5,2458962.5,2020.30874,0.4835,0.4097,0.5475,0.074,24,
2010-2026 detail,AAVSO visual estimates,Vis.,30,2458947.5,2458977.5,2458962.5,2020.30874,0.6,0.5,0.7,0.1,410,
2010-2026 detail,AAVSO visual estimates,Vis.,30,2458977.5,2459007.5,2458992.5,2020.39071,0.4,0.2,0.5,0.1,37,
2010-2026 detail,AAVSO visual estimates,Vis.,30,2459007.5,2459037.5,2459022.5,2020.47268,0.4,0.4,0.4,0.0,5,
2010-2026 detail,AAVSO Johnson V,V,30,2459037.5,2459067.5,2459052.5,2020.55464,0.8355,0.8217,0.8493,0.0275,2,
2010-2026 detail,AAVSO visual estimates,Vis.,30,2459037.5,2459067.5,2459052.5,2020.55464,0.8,0.55,1.0,0.2,19,
2010-2026 detail,AAVSO Johnson V,V,30,2459067.5,2459097.5,2459082.5,2020.63661,0.745,0.7318,0.8712,0.02,28,
2010-2026 detail,AAVSO visual estimates,Vis.,30,2459067.5,2459097.5,2459082.5,2020.63661,0.9,0.8,1.0,0.1,86,
2010-2026 detail,AAVSO Johnson V,V,30,2459097.5,2459127.5,2459112.5,2020.71858,0.713,0.701,0.7248,0.0125,30,
2010-2026 detail,AAVSO visual estimates,Vis.,30,2459097.5,2459127.5,2459112.5,2020.71858,0.7,0.6,0.8,0.1,137,
2010-2026 detail,AAVSO Johnson V,V,30,2459127.5,2459157.5,2459142.5,2020.80055,0.696,0.69,0.72,0.015,25,
2010-2026 detail,AAVSO visual estimates,Vis.,30,2459127.5,2459157.5,2459142.5,2020.80055,0.7,0.6,0.76,0.1,159,
2010-2026 detail,AAVSO Johnson V,V,30,2459157.5,2459187.5,2459172.5,2020.88251,0.803,0.763,0.8175,0.022,19,
2010-2026 detail,AAVSO visual estimates,Vis.,30,2459157.5,2459187.5,2459172.5,2020.88251,0.8,0.7,0.83,0.1,223,
2010-2026 detail,AAVSO Johnson V,V,30,2459187.5,2459217.5,2459202.5,2020.96448,0.7215,0.713,0.7802,0.0385,10,
2010-2026 detail,AAVSO visual estimates,Vis.,30,2459187.5,2459217.5,2459202.5,2020.96448,0.7,0.65,0.8,0.1,230,
2010-2026 detail,AAVSO Johnson V,V,30,2459217.5,2459247.5,2459232.5,2021.04658,0.633,0.6045,0.65,0.02,23,
2010-2026 detail,AAVSO visual estimates,Vis.,30,2459217.5,2459247.5,2459232.5,2021.04658,0.65,0.6,0.7,0.05,278,
2010-2026 detail,AAVSO Johnson V,V,30,2459247.5,2459277.5,2459262.5,2021.12877,0.639,0.6182,0.6643,0.023,52,
2010-2026 detail,AAVSO visual estimates,Vis.,30,2459247.5,2459277.5,2459262.5,2021.12877,0.6,0.55,0.7,0.1,391,
2010-2026 detail,AAVSO Johnson V,V,30,2459277.5,2459307.5,2459292.5,2021.21096,0.7495,0.7125,0.7918,0.039,62,
2010-2026 detail,AAVSO visual estimates,Vis.,30,2459277.5,2459307.5,2459292.5,2021.21096,0.7,0.6,0.75,0.1,357,
2010-2026 detail,AAVSO Johnson V,V,30,2459307.5,2459337.5,2459322.5,2021.29315,0.8595,0.8375,0.8715,0.0145,24,
2010-2026 detail,AAVSO visual estimates,Vis.,30,2459307.5,2459337.5,2459322.5,2021.29315,0.8,0.7,0.81,0.1,166,
2010-2026 detail,AAVSO Johnson V,V,30,2459337.5,2459367.5,2459352.5,2021.37534,0.822,0.8018,0.8458,0.0215,4,
2010-2026 detail,AAVSO visual estimates,Vis.,30,2459337.5,2459367.5,2459352.5,2021.37534,0.8,0.8,0.8,0.0,32,
2010-2026 detail,AAVSO Johnson V,V,30,2459367.5,2459397.5,2459382.5,2021.45753,0.723,0.692,0.772,0.048,5,
2010-2026 detail,AAVSO Johnson V,V,30,2459397.5,2459427.5,2459412.5,2021.53973,0.5485,0.538,0.5605,0.0145,8,
2010-2026 detail,AAVSO visual estimates,Vis.,30,2459397.5,2459427.5,2459412.5,2021.53973,0.5,0.4,0.6,0.1,13,
2010-2026 detail,AAVSO Johnson V,V,30,2459427.5,2459457.5,2459442.5,2021.62192,0.527,0.5115,0.5433,0.019,10,
2010-2026 detail,AAVSO visual estimates,Vis.,30,2459427.5,2459457.5,2459442.5,2021.62192,0.5,0.5,0.6,0.1,34,
2010-2026 detail,AAVSO Johnson V,V,30,2459457.5,2459487.5,2459472.5,2021.70411,0.527,0.5195,0.5595,0.011,43,
2010-2026 detail,AAVSO visual estimates,Vis.,30,2459457.5,2459487.5,2459472.5,2021.70411,0.5,0.5,0.6,0.1,75,
2010-2026 detail,AAVSO Johnson V,V,30,2459487.5,2459517.5,2459502.5,2021.7863,0.556,0.531,0.572,0.021,37,
2010-2026 detail,AAVSO visual estimates,Vis.,30,2459487.5,2459517.5,2459502.5,2021.7863,0.5,0.4,0.6,0.1,125,
2010-2026 detail,AAVSO Johnson V,V,30,2459517.5,2459547.5,2459532.5,2021.86849,0.6075,0.5722,0.618,0.018,16,
2010-2026 detail,AAVSO visual estimates,Vis.,30,2459517.5,2459547.5,2459532.5,2021.86849,0.6,0.5,0.6,0.1,135,
2010-2026 detail,AAVSO Johnson V,V,30,2459547.5,2459577.5,2459562.5,2021.95068,0.6815,0.6518,0.6955,0.0205,32,
2010-2026 detail,AAVSO visual estimates,Vis.,30,2459547.5,2459577.5,2459562.5,2021.95068,0.65,0.6,0.7,0.05,158,
2010-2026 detail,AAVSO Johnson V,V,30,2459577.5,2459607.5,2459592.5,2022.03288,0.698,0.6805,0.7137,0.017,46,
2010-2026 detail,AAVSO visual estimates,Vis.,30,2459577.5,2459607.5,2459592.5,2022.03288,0.7,0.6,0.7,0.1,251,
2010-2026 detail,AAVSO Johnson V,V,30,2459607.5,2459637.5,2459622.5,2022.11507,0.5625,0.4932,0.5978,0.0495,36,
2010-2026 detail,AAVSO visual estimates,Vis.,30,2459607.5,2459637.5,2459622.5,2022.11507,0.6,0.5,0.7,0.1,269,
2010-2026 detail,AAVSO Johnson V,V,30,2459637.5,2459667.5,2459652.5,2022.19726,0.3825,0.344,0.4012,0.0275,88,
2010-2026 detail,AAVSO visual estimates,Vis.,30,2459637.5,2459667.5,2459652.5,2022.19726,0.5,0.4,0.6,0.1,403,
2010-2026 detail,AAVSO Johnson V,V,30,2459667.5,2459697.5,2459682.5,2022.27945,0.365,0.354,0.3835,0.014,47,
2010-2026 detail,AAVSO visual estimates,Vis.,30,2459667.5,2459697.5,2459682.5,2022.27945,0.44,0.3,0.535,0.11,155,
2010-2026 detail,AAVSO Johnson V,V,30,2459697.5,2459727.5,2459712.5,2022.36164,0.4495,0.4273,0.4627,0.02,6,
2010-2026 detail,AAVSO visual estimates,Vis.,30,2459697.5,2459727.5,2459712.5,2022.36164,0.395,0.3,0.45,0.095,42,
2010-2026 detail,AAVSO Johnson V,V,30,2459727.5,2459757.5,2459742.5,2022.44384,0.523,0.504,0.5533,0.0255,6,
2010-2026 detail,AAVSO visual estimates,Vis.,30,2459727.5,2459757.5,2459742.5,2022.44384,0.5,0.5,0.5,0.0,1,
2010-2026 detail,AAVSO Johnson V,V,30,2459757.5,2459787.5,2459772.5,2022.52603,0.616,0.601,0.632,0.016,9,
2010-2026 detail,AAVSO visual estimates,Vis.,30,2459757.5,2459787.5,2459772.5,2022.52603,0.4,0.3,0.545,0.1,6,
2010-2026 detail,AAVSO Johnson V,V,30,2459787.5,2459817.5,2459802.5,2022.60822,0.4365,0.4265,0.4587,0.0175,12,
2010-2026 detail,AAVSO visual estimates,Vis.,30,2459787.5,2459817.5,2459802.5,2022.60822,0.5,0.4,0.5,0.1,26,
2010-2026 detail,AAVSO Johnson V,V,30,2459817.5,2459847.5,2459832.5,2022.69041,0.3995,0.395,0.4155,0.008,24,
2010-2026 detail,AAVSO visual estimates,Vis.,30,2459817.5,2459847.5,2459832.5,2022.69041,0.4,0.39,0.5,0.1,63,
2010-2026 detail,AAVSO Johnson V,V,30,2459847.5,2459877.5,2459862.5,2022.7726,0.434,0.4163,0.439,0.0115,20,
2010-2026 detail,AAVSO visual estimates,Vis.,30,2459847.5,2459877.5,2459862.5,2022.7726,0.4,0.3,0.455,0.1,104,
2010-2026 detail,AAVSO Johnson V,V,30,2459877.5,2459907.5,2459892.5,2022.85479,0.313,0.292,0.315,0.017,9,
2010-2026 detail,AAVSO visual estimates,Vis.,30,2459877.5,2459907.5,2459892.5,2022.85479,0.3,0.2,0.4,0.1,121,
2010-2026 detail,AAVSO Johnson V,V,30,2459907.5,2459937.5,2459922.5,2022.93699,0.292,0.283,0.309,0.013,11,
2010-2026 detail,AAVSO visual estimates,Vis.,30,2459907.5,2459937.5,2459922.5,2022.93699,0.3,0.215,0.4,0.1,115,
2010-2026 detail,AAVSO Johnson V,V,30,2459937.5,2459967.5,2459952.5,2023.01918,0.4425,0.4167,0.4758,0.031,12,
2010-2026 detail,AAVSO visual estimates,Vis.,30,2459937.5,2459967.5,2459952.5,2023.01918,0.33,0.3,0.41,0.07,173,
2010-2026 detail,AAVSO Johnson V,V,30,2459967.5,2459997.5,2459982.5,2023.10137,0.4975,0.4812,0.5195,0.02,20,
2010-2026 detail,AAVSO visual estimates,Vis.,30,2459967.5,2459997.5,2459982.5,2023.10137,0.4,0.33,0.55,0.1,256,
2010-2026 detail,AAVSO Johnson V,V,30,2459997.5,2460027.5,2460012.5,2023.18356,0.3815,0.344,0.4087,0.0345,14,
2010-2026 detail,AAVSO visual estimates,Vis.,30,2459997.5,2460027.5,2460012.5,2023.18356,0.4,0.33,0.5,0.1,236,
2010-2026 detail,AAVSO Johnson V,V,30,2460027.5,2460057.5,2460042.5,2023.26575,0.184,0.1485,0.241,0.043,19,
2010-2026 detail,AAVSO visual estimates,Vis.,30,2460027.5,2460057.5,2460042.5,2023.26575,0.3,0.2,0.4,0.1,209,
2010-2026 detail,AAVSO Johnson V,V,30,2460057.5,2460087.5,2460072.5,2023.34795,0.254,0.199,0.267,0.055,5,
2010-2026 detail,AAVSO visual estimates,Vis.,30,2460057.5,2460087.5,2460072.5,2023.34795,0.15,0.1,0.2,0.05,70,
2010-2026 detail,AAVSO Johnson V,V,30,2460087.5,2460117.5,2460102.5,2023.43014,0.387,0.3618,0.4247,0.0355,10,
2010-2026 detail,AAVSO visual estimates,Vis.,30,2460087.5,2460117.5,2460102.5,2023.43014,0.0,0.0,0.0,0.0,5,
2010-2026 detail,AAVSO Johnson V,V,30,2460117.5,2460147.5,2460132.5,2023.51233,0.496,0.493,0.506,0.01,5,
2010-2026 detail,AAVSO visual estimates,Vis.,30,2460117.5,2460147.5,2460132.5,2023.51233,0.5,0.25,0.6,0.1,15,
2010-2026 detail,AAVSO Johnson V,V,30,2460147.5,2460177.5,2460162.5,2023.59452,0.469,0.462,0.489,0.019,13,
2010-2026 detail,AAVSO visual estimates,Vis.,30,2460147.5,2460177.5,2460162.5,2023.59452,0.45,0.3,0.5,0.05,50,
2010-2026 detail,AAVSO Johnson V,V,30,2460177.5,2460207.5,2460192.5,2023.67671,0.475,0.4705,0.4805,0.005,19,
2010-2026 detail,AAVSO visual estimates,Vis.,30,2460177.5,2460207.5,2460192.5,2023.67671,0.36,0.3,0.5,0.11,113,
2010-2026 detail,AAVSO Johnson V,V,30,2460207.5,2460237.5,2460222.5,2023.7589,0.476,0.465,0.494,0.018,9,
2010-2026 detail,AAVSO visual estimates,Vis.,30,2460207.5,2460237.5,2460222.5,2023.7589,0.39,0.3,0.5,0.09,165,
2010-2026 detail,AAVSO Johnson V,V,30,2460237.5,2460267.5,2460252.5,2023.8411,0.499,0.491,0.516,0.017,9,
2010-2026 detail,AAVSO visual estimates,Vis.,30,2460237.5,2460267.5,2460252.5,2023.8411,0.4,0.3,0.6,0.1,159,
2010-2026 detail,AAVSO Johnson V,V,30,2460267.5,2460297.5,2460282.5,2023.92329,0.46,0.4235,0.4835,0.031,19,
2010-2026 detail,AAVSO visual estimates,Vis.,30,2460267.5,2460297.5,2460282.5,2023.92329,0.4,0.2825,0.55,0.13,178,
2010-2026 detail,AAVSO Johnson V,V,30,2460297.5,2460327.5,2460312.5,2024.00546,0.4485,0.4267,0.4633,0.0185,16,
2010-2026 detail,AAVSO visual estimates,Vis.,30,2460297.5,2460327.5,2460312.5,2024.00546,0.375,0.3,0.5,0.125,218,
2010-2026 detail,AAVSO Johnson V,V,30,2460327.5,2460357.5,2460342.5,2024.08743,0.5715,0.541,0.6335,0.0585,32,
2010-2026 detail,AAVSO visual estimates,Vis.,30,2460327.5,2460357.5,2460342.5,2024.08743,0.45,0.3225,0.6,0.15,282,
2010-2026 detail,AAVSO Johnson V,V,30,2460357.5,2460387.5,2460372.5,2024.1694,0.747,0.7052,0.758,0.012,20,
2010-2026 detail,AAVSO visual estimates,Vis.,30,2460357.5,2460387.5,2460372.5,2024.1694,0.6,0.5,0.7,0.1,299,
2010-2026 detail,AAVSO Johnson V,V,30,2460387.5,2460417.5,2460402.5,2024.25137,0.727,0.687,0.748,0.024,19,
2010-2026 detail,AAVSO visual estimates,Vis.,30,2460387.5,2460417.5,2460402.5,2024.25137,0.7,0.6,0.75,0.1,204,
2010-2026 detail,AAVSO Johnson V,V,30,2460417.5,2460447.5,2460432.5,2024.33333,0.57,0.5175,0.6185,0.056,4,
2010-2026 detail,AAVSO visual estimates,Vis.,30,2460417.5,2460447.5,2460432.5,2024.33333,0.6,0.6,0.6875,0.005,62,
2010-2026 detail,AAVSO Johnson V,V,30,2460447.5,2460477.5,2460462.5,2024.4153,0.5045,0.4952,0.5325,0.0115,6,
2010-2026 detail,AAVSO visual estimates,Vis.,30,2460447.5,2460477.5,2460462.5,2024.4153,0.45,0.2,0.5,0.075,12,
2010-2026 detail,AAVSO Johnson V,V,30,2460477.5,2460507.5,2460492.5,2024.49727,0.648,0.6128,0.675,0.032,6,
2010-2026 detail,AAVSO visual estimates,Vis.,30,2460477.5,2460507.5,2460492.5,2024.49727,0.75,0.7,0.8,0.05,6,
2010-2026 detail,AAVSO Johnson V,V,30,2460507.5,2460537.5,2460522.5,2024.57923,0.738,0.726,0.769,0.03,5,
2010-2026 detail,AAVSO visual estimates,Vis.,30,2460507.5,2460537.5,2460522.5,2024.57923,0.7,0.6,0.8,0.1,23,
2010-2026 detail,AAVSO Johnson V,V,30,2460537.5,2460567.5,2460552.5,2024.6612,0.8075,0.791,0.8545,0.0285,20,
2010-2026 detail,AAVSO visual estimates,Vis.,30,2460537.5,2460567.5,2460552.5,2024.6612,0.7,0.6,0.8,0.1,52,
2010-2026 detail,AAVSO Johnson V,V,30,2460567.5,2460597.5,2460582.5,2024.74317,0.855,0.8217,0.8832,0.0335,12,
2010-2026 detail,AAVSO visual estimates,Vis.,30,2460567.5,2460597.5,2460582.5,2024.74317,0.7,0.6,0.8,0.1,99,
2010-2026 detail,AAVSO Johnson V,V,30,2460597.5,2460627.5,2460612.5,2024.82514,0.671,0.651,0.7165,0.026,6,
2010-2026 detail,AAVSO visual estimates,Vis.,30,2460597.5,2460627.5,2460612.5,2024.82514,0.65,0.6,0.7,0.05,103,
2010-2026 detail,AAVSO Johnson V,V,30,2460627.5,2460657.5,2460642.5,2024.9071,0.6025,0.5915,0.6112,0.011,12,
2010-2026 detail,AAVSO visual estimates,Vis.,30,2460627.5,2460657.5,2460642.5,2024.9071,0.6,0.5,0.62,0.1,113,
2010-2026 detail,AAVSO Johnson V,V,30,2460657.5,2460687.5,2460672.5,2024.98907,0.5235,0.5135,0.533,0.011,14,
2010-2026 detail,AAVSO visual estimates,Vis.,30,2460657.5,2460687.5,2460672.5,2024.98907,0.5,0.48,0.6,0.1,169,
2010-2026 detail,AAVSO Johnson V,V,30,2460687.5,2460717.5,2460702.5,2025.07123,0.533,0.525,0.5405,0.008,23,
2010-2026 detail,AAVSO visual estimates,Vis.,30,2460687.5,2460717.5,2460702.5,2025.07123,0.5,0.4,0.6,0.1,211,
2010-2026 detail,AAVSO Johnson V,V,30,2460717.5,2460747.5,2460732.5,2025.15342,0.643,0.59,0.655,0.024,25,
2010-2026 detail,AAVSO visual estimates,Vis.,30,2460717.5,2460747.5,2460732.5,2025.15342,0.6,0.5,0.7,0.1,308,
2010-2026 detail,AAVSO Johnson V,V,30,2460747.5,2460777.5,2460762.5,2025.23562,0.736,0.721,0.7515,0.017,27,
2010-2026 detail,AAVSO visual estimates,Vis.,30,2460747.5,2460777.5,2460762.5,2025.23562,0.7,0.6,0.7,0.1,247,
2010-2026 detail,AAVSO Johnson V,V,30,2460777.5,2460807.5,2460792.5,2025.31781,0.7335,0.7155,0.747,0.0175,8,
2010-2026 detail,AAVSO visual estimates,Vis.,30,2460777.5,2460807.5,2460792.5,2025.31781,0.7,0.7,0.8,0.05,109,
2010-2026 detail,AAVSO Johnson V,V,30,2460807.5,2460837.5,2460822.5,2025.4,0.6805,0.6698,0.6853,0.007,4,
2010-2026 detail,AAVSO visual estimates,Vis.,30,2460807.5,2460837.5,2460822.5,2025.4,0.7,0.65,0.75,0.05,25,
2010-2026 detail,AAVSO Johnson V,V,30,2460837.5,2460867.5,2460852.5,2025.48219,0.608,0.602,0.626,0.009,9,
2010-2026 detail,AAVSO visual estimates,Vis.,30,2460837.5,2460867.5,2460852.5,2025.48219,0.2,0.2,0.3,0.0,3,
2010-2026 detail,AAVSO Johnson V,V,30,2460867.5,2460897.5,2460882.5,2025.56438,0.593,0.586,0.634,0.014,3,
2010-2026 detail,AAVSO visual estimates,Vis.,30,2460867.5,2460897.5,2460882.5,2025.56438,0.5,0.4,0.5375,0.1,14,
2010-2026 detail,AAVSO Johnson V,V,30,2460897.5,2460927.5,2460912.5,2025.64658,0.67,0.6408,0.682,0.013,24,
2010-2026 detail,AAVSO visual estimates,Vis.,30,2460897.5,2460927.5,2460912.5,2025.64658,0.5,0.5,0.6,0.0,59,
2010-2026 detail,AAVSO Johnson V,V,30,2460927.5,2460957.5,2460942.5,2025.72877,0.573,0.5555,0.5925,0.018,15,
2010-2026 detail,AAVSO visual estimates,Vis.,30,2460927.5,2460957.5,2460942.5,2025.72877,0.5,0.4,0.5,0.05,100,
2010-2026 detail,AAVSO Johnson V,V,30,2460957.5,2460987.5,2460972.5,2025.81096,0.505,0.5015,0.529,0.008,7,
2010-2026 detail,AAVSO visual estimates,Vis.,30,2460957.5,2460987.5,2460972.5,2025.81096,0.5,0.4,0.5,0.1,105,
2010-2026 detail,AAVSO Johnson V,V,30,2460987.5,2461017.5,2461002.5,2025.89315,0.504,0.5015,0.5175,0.003,7,
2010-2026 detail,AAVSO visual estimates,Vis.,30,2460987.5,2461017.5,2461002.5,2025.89315,0.5,0.4,0.5,0.1,100,
2010-2026 detail,AAVSO Johnson V,V,30,2461017.5,2461047.5,2461032.5,2025.97534,0.5945,0.553,0.6038,0.0175,24,
2010-2026 detail,AAVSO visual estimates,Vis.,30,2461017.5,2461047.5,2461032.5,2025.97534,0.5,0.4,0.6,0.1,153,
2010-2026 detail,AAVSO Johnson V,V,30,2461047.5,2461077.5,2461062.5,2026.05753,0.5875,0.5687,0.6035,0.0175,18,
2010-2026 detail,AAVSO visual estimates,Vis.,30,2461047.5,2461077.5,2461062.5,2026.05753,0.5,0.4,0.6,0.1,201,
2010-2026 detail,AAVSO Johnson V,V,30,2461077.5,2461107.5,2461092.5,2026.13973,0.5095,0.4972,0.5165,0.0105,14,
2010-2026 detail,AAVSO visual estimates,Vis.,30,2461077.5,2461107.5,2461092.5,2026.13973,0.5,0.4,0.6,0.1,241,
2010-2026 detail,AAVSO Johnson V,V,30,2461107.5,2461137.5,2461122.5,2026.22192,0.567,0.546,0.595,0.028,17,
2010-2026 detail,AAVSO visual estimates,Vis.,30,2461107.5,2461137.5,2461122.5,2026.22192,0.53,0.485,0.6,0.07,227,
2010-2026 detail,AAVSO Johnson V,V,30,2461137.5,2461167.5,2461152.5,2026.30411,0.669,0.6585,0.677,0.008,7,
2010-2026 detail,AAVSO visual estimates,Vis.,30,2461137.5,2461167.5,2461152.5,2026.30411,0.6,0.5,0.65,0.07,83,
2010-2026 detail,AAVSO Johnson V,V,30,2461167.5,2461197.5,2461182.5,2026.3863,0.67,0.6568,0.682,0.015,4,
2010-2026 detail,AAVSO visual estimates,Vis.,30,2461167.5,2461197.5,2461182.5,2026.3863,0.5,0.4,0.65,0.15,13,
2010-2026 detail,AAVSO Johnson V,V,30,2461197.5,2461227.5,2461212.5,2026.46849,0.593,0.5702,0.6238,0.0265,4,
2010-2026 detail,AAVSO Johnson V,V,30,2461227.5,2461257.5,2461242.5,2026.55068,0.538,0.5325,0.5477,0.008,4,
2010-2026 detail,AAVSO visual estimates,Vis.,30,2461227.5,2461257.5,2461242.5,2026.55068,0.4,0.375,0.425,0.05,8,
2010-2026 detail,AAVSO Johnson V,V,30,2461257.5,2461287.5,2461272.5,2026.63288,0.5365,0.5318,0.568,0.008,4,
2010-2026 detail,AAVSO visual estimates,Vis.,30,2461257.5,2461287.5,2461272.5,2026.63288,0.4,0.4,0.55,0.0,37,
